run,driver,sequence,start_ticks,end_ticks,frequency,gpu_ms,gpu_completion_fence_verified
01,installed-2.84,1865,15940616794013,15940617377609,100000000,5.83596,True
01,installed-2.84,1866,15940621860941,15940622444709,100000000,5.83768,True
01,installed-2.84,1867,15940626956529,15940627541441,100000000,5.84912,True
01,installed-2.84,1868,15940632036853,15940632620341,100000000,5.83488,True
01,installed-2.84,1869,15940637118817,15940637703009,100000000,5.84192,True
01,installed-2.84,1870,15940642198277,15940642784069,100000000,5.85792,True
01,installed-2.84,1871,15940647276381,15940647861481,100000000,5.851,True
01,installed-2.84,1872,15940652336577,15940652921257,100000000,5.8468,True
01,installed-2.84,1873,15940657402225,15940657986193,100000000,5.83968,True
01,installed-2.84,1874,15940662463453,15940663046593,100000000,5.8314,True
01,installed-2.84,1875,15940667530601,15940668113353,100000000,5.82752,True
01,installed-2.84,1876,15940672590641,15940673173221,100000000,5.8258,True
01,installed-2.84,1877,15940677662849,15940678247077,100000000,5.84228,True
01,installed-2.84,1878,15940682747537,15940683333413,100000000,5.85876,True
01,installed-2.84,1879,15940687832661,15940688415893,100000000,5.83232,True
01,installed-2.84,1880,15940692909837,15940693492897,100000000,5.8306,True
01,installed-2.84,1881,15940697992957,15940698577269,100000000,5.84312,True
01,installed-2.84,1882,15940703100249,15940703683625,100000000,5.83376,True
01,installed-2.84,1883,15940708172733,15940708757057,100000000,5.84324,True
01,installed-2.84,1884,15940713270953,15940713857141,100000000,5.86188,True
01,installed-2.84,1885,15940718366677,15940718953845,100000000,5.87168,True
01,installed-2.84,1886,15940723442285,15940724025285,100000000,5.83,True
01,installed-2.84,1887,15940728524529,15940729109321,100000000,5.84792,True
01,installed-2.84,1888,15940733605597,15940734188193,100000000,5.82596,True
01,installed-2.84,1889,15940738691397,15940739274489,100000000,5.83092,True
01,installed-2.84,1890,15940743760409,15940744344069,100000000,5.8366,True
01,installed-2.84,1891,15940748852685,15940749438053,100000000,5.85368,True
01,installed-2.84,1892,15940753998925,15940754585541,100000000,5.86616,True
01,installed-2.84,1893,15940759076917,15940759661005,100000000,5.84088,True
01,installed-2.84,1894,15940764153969,15940764736721,100000000,5.82752,True
01,installed-2.84,1895,15940769234125,15940769817877,100000000,5.83752,True
01,installed-2.84,1896,15940774296297,15940774881781,100000000,5.85484,True
01,installed-2.84,1897,15940779377681,15940779961277,100000000,5.83596,True
01,installed-2.84,1898,15940784488605,15940785072245,100000000,5.8364,True
01,installed-2.84,1899,15940789572593,15940790157213,100000000,5.8462,True
01,installed-2.84,1900,15940794669741,15940795253557,100000000,5.83816,True
01,installed-2.84,1901,15940799738133,15940800323165,100000000,5.85032,True
01,installed-2.84,1902,15940804833485,15940805417741,100000000,5.84256,True
01,installed-2.84,1903,15940809907529,15940810490837,100000000,5.83308,True
01,installed-2.84,1904,15940814993649,15940815577433,100000000,5.83784,True
01,installed-2.84,1905,15940820070045,15940820653625,100000000,5.8358,True
01,installed-2.84,1906,15940825138121,15940825721193,100000000,5.83072,True
01,installed-2.84,1907,15940830202317,15940830788269,100000000,5.85952,True
01,installed-2.84,1908,15940835290677,15940835875885,100000000,5.85208,True
01,installed-2.84,1909,15940840367905,15940840953273,100000000,5.85368,True
01,installed-2.84,1910,15940845444921,15940846029069,100000000,5.84148,True
01,installed-2.84,1911,15940850517769,15940851101805,100000000,5.84036,True
01,installed-2.84,1912,15940855571077,15940856154981,100000000,5.83904,True
01,installed-2.84,1913,15940860644969,15940861228821,100000000,5.83852,True
01,installed-2.84,1914,15940865714265,15940866297185,100000000,5.8292,True
01,installed-2.84,1915,15940870791745,15940871375601,100000000,5.83856,True
01,installed-2.84,1916,15940875876053,15940876460749,100000000,5.84696,True
01,installed-2.84,1917,15940880947617,15940881532041,100000000,5.84424,True
01,installed-2.84,1918,15940886024997,15940886608689,100000000,5.83692,True
01,installed-2.84,1919,15940891108065,15940891694153,100000000,5.86088,True
01,installed-2.84,1920,15940896341265,15940896932033,100000000,5.90768,True
01,installed-2.84,1921,15940901440169,15940902024277,100000000,5.84108,True
01,installed-2.84,1922,15940906511377,15940907095369,100000000,5.83992,True
01,installed-2.84,1923,15940911590417,15940912174317,100000000,5.839,True
01,installed-2.84,1924,15940916669293,15940917253705,100000000,5.84412,True
01,installed-2.84,1925,15940921740945,15940922325197,100000000,5.84252,True
01,installed-2.84,1926,15940926801961,15940927386801,100000000,5.8484,True
01,installed-2.84,1927,15940931883421,15940932470033,100000000,5.86612,True
01,installed-2.84,1928,15940936943621,15940937528521,100000000,5.849,True
01,installed-2.84,1929,15940942024685,15940942609377,100000000,5.84692,True
01,installed-2.84,1930,15940947081913,15940947665917,100000000,5.84004,True
01,installed-2.84,1931,15940952154785,15940952738537,100000000,5.83752,True
01,installed-2.84,1932,15940957217385,15940957801405,100000000,5.8402,True
01,installed-2.84,1933,15940962290589,15940962877133,100000000,5.86544,True
01,installed-2.84,1934,15940967348725,15940967933353,100000000,5.84628,True
01,installed-2.84,1935,15940972417745,15940973002341,100000000,5.84596,True
01,installed-2.84,1936,15940977490749,15940978074305,100000000,5.83556,True
01,installed-2.84,1937,15940982604697,15940983187885,100000000,5.83188,True
01,installed-2.84,1938,15940987682337,15940988266717,100000000,5.8438,True
01,installed-2.84,1939,15940992784549,15940993369085,100000000,5.84536,True
01,installed-2.84,1940,15940997864445,15940998449209,100000000,5.84764,True
01,installed-2.84,1941,15941002936881,15941003520293,100000000,5.83412,True
01,installed-2.84,1942,15941008027449,15941008611537,100000000,5.84088,True
01,installed-2.84,1943,15941013112881,15941013696929,100000000,5.84048,True
01,installed-2.84,1944,15941018189509,15941018772565,100000000,5.83056,True
01,installed-2.84,1945,15941023272753,15941023858545,100000000,5.85792,True
01,installed-2.84,1946,15941028358041,15941028941517,100000000,5.83476,True
01,installed-2.84,1947,15941033431993,15941034017857,100000000,5.85864,True
01,installed-2.84,1948,15941038499813,15941039084333,100000000,5.8452,True
01,installed-2.84,1949,15941043558609,15941044143001,100000000,5.84392,True
01,installed-2.84,1950,15941048637897,15941049221817,100000000,5.8392,True
01,installed-2.84,1951,15941053717401,15941054303189,100000000,5.85788,True
01,installed-2.84,1952,15941058809421,15941059395293,100000000,5.85872,True
01,installed-2.84,1953,15941063899205,15941064483513,100000000,5.84308,True
01,installed-2.84,1954,15941068971429,15941069554301,100000000,5.82872,True
01,installed-2.84,1955,15941074043857,15941074627481,100000000,5.83624,True
01,installed-2.84,1956,15941079102597,15941079688245,100000000,5.85648,True
01,installed-2.84,1957,15941084188993,15941084772285,100000000,5.83292,True
01,installed-2.84,1958,15941089329057,15941089912741,100000000,5.83684,True
01,installed-2.84,1959,15941094430881,15941095016469,100000000,5.85588,True
01,installed-2.84,1960,15941099528421,15941100112593,100000000,5.84172,True
01,installed-2.84,1961,15941104613105,15941105198289,100000000,5.85184,True
01,installed-2.84,1962,15941109692253,15941110276449,100000000,5.84196,True
01,installed-2.84,1963,15941114771005,15941115355613,100000000,5.84608,True
01,installed-2.84,1964,15941119855349,15941120438981,100000000,5.83632,True
01,installed-2.84,1965,15941124956077,15941125539853,100000000,5.83776,True
01,installed-2.84,1966,15941130027053,15941130611117,100000000,5.84064,True
01,installed-2.84,1967,15941135108505,15941135692349,100000000,5.83844,True
01,installed-2.84,1968,15941140185081,15941140771229,100000000,5.86148,True
01,installed-2.84,1969,15941145274265,15941145857313,100000000,5.83048,True
01,installed-2.84,1970,15941150341845,15941150927437,100000000,5.85592,True
01,installed-2.84,1971,15941155437909,15941156022641,100000000,5.84732,True
01,installed-2.84,1972,15941160501857,15941161086257,100000000,5.844,True
01,installed-2.84,1973,15941165573409,15941166156293,100000000,5.82884,True
01,installed-2.84,1974,15941170658925,15941171242049,100000000,5.83124,True
01,installed-2.84,1975,15941175730481,15941176315297,100000000,5.84816,True
01,installed-2.84,1976,15941180794289,15941181379741,100000000,5.85452,True
01,installed-2.84,1977,15941185884597,15941186468485,100000000,5.83888,True
01,installed-2.84,1978,15941190955777,15941191541261,100000000,5.85484,True
01,installed-2.84,1979,15941196038277,15941196623433,100000000,5.85156,True
01,installed-2.84,1980,15941201143441,15941201728609,100000000,5.85168,True
01,installed-2.84,1981,15941206266857,15941206850929,100000000,5.84072,True
01,installed-2.84,1982,15941211349805,15941211934405,100000000,5.846,True
01,installed-2.84,1983,15941216439073,15941217022025,100000000,5.82952,True
01,installed-2.84,1984,15941221507705,15941222092221,100000000,5.84516,True
01,installed-2.84,1985,15941226603341,15941227186053,100000000,5.82712,True
01,installed-2.84,1986,15941231694005,15941232277761,100000000,5.83756,True
01,installed-2.84,1987,15941236771593,15941237356229,100000000,5.84636,True
01,installed-2.84,1988,15941241850517,15941242434337,100000000,5.8382,True
01,installed-2.84,1989,15941246938281,15941247521413,100000000,5.83132,True
01,installed-2.84,1990,15941252038505,15941252624813,100000000,5.86308,True
01,installed-2.84,1991,15941257138921,15941257723521,100000000,5.846,True
01,installed-2.84,1992,15941262224101,15941262808277,100000000,5.84176,True
01,installed-2.84,1993,15941267290293,15941267874449,100000000,5.84156,True
01,installed-2.84,1994,15941272352601,15941272940761,100000000,5.8816,True
01,installed-2.84,1995,15941277435881,15941278020553,100000000,5.84672,True
01,installed-2.84,1996,15941282528277,15941283113193,100000000,5.84916,True
01,installed-2.84,1997,15941287627109,15941288211289,100000000,5.8418,True
01,installed-2.84,1998,15941292735385,15941293320217,100000000,5.84832,True
01,installed-2.84,1999,15941297808457,15941298392953,100000000,5.84496,True
01,installed-2.84,2000,15941302881909,15941303466473,100000000,5.84564,True
01,installed-2.84,2001,15941307967729,15941308551709,100000000,5.8398,True
01,installed-2.84,2002,15941313041185,15941313625269,100000000,5.84084,True
01,installed-2.84,2003,15941318124269,15941318708085,100000000,5.83816,True
01,installed-2.84,2004,15941323214677,15941323798753,100000000,5.84076,True
01,installed-2.84,2005,15941328301157,15941328885101,100000000,5.83944,True
01,installed-2.84,2006,15941333382037,15941333966913,100000000,5.84876,True
01,installed-2.84,2007,15941338466013,15941339048409,100000000,5.82396,True
01,installed-2.84,2008,15941343519917,15941344105349,100000000,5.85432,True
01,installed-2.84,2009,15941348635409,15941349219325,100000000,5.83916,True
01,installed-2.84,2010,15941353708881,15941354293697,100000000,5.84816,True
01,installed-2.84,2011,15941358799245,15941359383109,100000000,5.83864,True
01,installed-2.84,2012,15941363859341,15941364443069,100000000,5.83728,True
01,installed-2.84,2013,15941368921817,15941369506777,100000000,5.8496,True
01,installed-2.84,2014,15941373993073,15941374578241,100000000,5.85168,True
01,installed-2.84,2015,15941379065221,15941379648025,100000000,5.82804,True
01,installed-2.84,2016,15941384163841,15941384747557,100000000,5.83716,True
01,installed-2.84,2017,15941389248861,15941389832713,100000000,5.83852,True
01,installed-2.84,2018,15941394324161,15941394910917,100000000,5.86756,True
01,installed-2.84,2019,15941399421937,15941400007133,100000000,5.85196,True
01,installed-2.84,2020,15941404511977,15941405096801,100000000,5.84824,True
01,installed-2.84,2021,15941409598645,15941410182169,100000000,5.83524,True
01,installed-2.84,2022,15941414681881,15941415266825,100000000,5.84944,True
01,installed-2.84,2023,15941419766621,15941420350421,100000000,5.838,True
01,installed-2.84,2024,15941424851977,15941425434997,100000000,5.8302,True
01,installed-2.84,2025,15941429925533,15941430509149,100000000,5.83616,True
01,installed-2.84,2026,15941434993669,15941435577469,100000000,5.838,True
01,installed-2.84,2027,15941440074713,15941440659617,100000000,5.84904,True
01,installed-2.84,2028,15941445165161,15941445751709,100000000,5.86548,True
01,installed-2.84,2029,15941450244221,15941450828505,100000000,5.84284,True
01,installed-2.84,2030,15941455325809,15941455910409,100000000,5.846,True
01,installed-2.84,2031,15941460407977,15941460991869,100000000,5.83892,True
01,installed-2.84,2032,15941465479873,15941466063145,100000000,5.83272,True
01,installed-2.84,2033,15941470544921,15941471128493,100000000,5.83572,True
01,installed-2.84,2034,15941475635017,15941476217961,100000000,5.82944,True
01,installed-2.84,2035,15941480718441,15941481302293,100000000,5.83852,True
01,installed-2.84,2036,15941485797613,15941486384609,100000000,5.86996,True
01,installed-2.84,2037,15941490855397,15941491439841,100000000,5.84444,True
01,installed-2.84,2038,15941495952849,15941496537405,100000000,5.84556,True
01,installed-2.84,2039,15941501073969,15941501658009,100000000,5.8404,True
01,installed-2.84,2040,15941506143713,15941506728089,100000000,5.84376,True
01,installed-2.84,2041,15941511227417,15941511812289,100000000,5.84872,True
01,installed-2.84,2042,15941516301681,15941516886149,100000000,5.84468,True
01,installed-2.84,2043,15941521395205,15941521979837,100000000,5.84632,True
01,installed-2.84,2044,15941526470281,15941527053221,100000000,5.8294,True
01,installed-2.84,2045,15941531562277,15941532145481,100000000,5.83204,True
01,installed-2.84,2046,15941536645193,15941537231001,100000000,5.85808,True
01,installed-2.84,2047,15941541758817,15941542342649,100000000,5.83832,True
01,installed-2.84,2048,15941546855681,15941547438205,100000000,5.82524,True
01,installed-2.84,2049,15941551933013,15941552517281,100000000,5.84268,True
01,installed-2.84,2050,15941556997273,15941557582869,100000000,5.85596,True
01,installed-2.84,2051,15941562057357,15941562640129,100000000,5.82772,True
01,installed-2.84,2052,15941567132501,15941567715357,100000000,5.82856,True
01,installed-2.84,2053,15941572198325,15941572783133,100000000,5.84808,True
01,installed-2.84,2054,15941577283961,15941577867053,100000000,5.83092,True
01,installed-2.84,2055,15941582357013,15941582940525,100000000,5.83512,True
01,installed-2.84,2056,15941587452409,15941588034461,100000000,5.82052,True
01,installed-2.84,2057,15941592534733,15941593119773,100000000,5.8504,True
01,installed-2.84,2058,15941597616221,15941598200357,100000000,5.84136,True
01,installed-2.84,2059,15941602700869,15941603286653,100000000,5.85784,True
02,original-v3-2.82,1626,15960519693645,15960520495685,100000000,8.0204,True
02,original-v3-2.82,1627,15960525633309,15960526435001,100000000,8.01692,True
02,original-v3-2.82,1628,15960531568085,15960532370137,100000000,8.02052,True
02,original-v3-2.82,1629,15960537517797,15960538319841,100000000,8.02044,True
02,original-v3-2.82,1630,15960543460273,15960544261621,100000000,8.01348,True
02,original-v3-2.82,1631,15960549429897,15960550231637,100000000,8.0174,True
02,original-v3-2.82,1632,15960555358225,15960556159409,100000000,8.01184,True
02,original-v3-2.82,1633,15960561312489,15960562113913,100000000,8.01424,True
02,original-v3-2.82,1634,15960567234917,15960568037237,100000000,8.0232,True
02,original-v3-2.82,1635,15960573197637,15960573999053,100000000,8.01416,True
02,original-v3-2.82,1636,15960579157161,15960579958885,100000000,8.01724,True
02,original-v3-2.82,1637,15960585107693,15960585908921,100000000,8.01228,True
02,original-v3-2.82,1638,15960591064641,15960591866213,100000000,8.01572,True
02,original-v3-2.82,1639,15960597015653,15960597817377,100000000,8.01724,True
02,original-v3-2.82,1640,15960602976973,15960603778529,100000000,8.01556,True
02,original-v3-2.82,1641,15960608973949,15960609775929,100000000,8.0198,True
02,original-v3-2.82,1642,15960614932049,15960615733353,100000000,8.01304,True
02,original-v3-2.82,1643,15960620900073,15960621701637,100000000,8.01564,True
02,original-v3-2.82,1644,15960626851369,15960627652709,100000000,8.0134,True
02,original-v3-2.82,1645,15960632785345,15960633587069,100000000,8.01724,True
02,original-v3-2.82,1646,15960638715417,15960639518349,100000000,8.02932,True
02,original-v3-2.82,1647,15960644665769,15960645467937,100000000,8.02168,True
02,original-v3-2.82,1648,15960650616261,15960651418797,100000000,8.02536,True
02,original-v3-2.82,1649,15960656559697,15960657362041,100000000,8.02344,True
02,original-v3-2.82,1650,15960662501973,15960663303313,100000000,8.0134,True
02,original-v3-2.82,1651,15960668448425,15960669249645,100000000,8.0122,True
02,original-v3-2.82,1652,15960674409265,15960675214109,100000000,8.04844,True
02,original-v3-2.82,1653,15960680381401,15960681183529,100000000,8.02128,True
02,original-v3-2.82,1654,15960686377685,15960687179205,100000000,8.0152,True
02,original-v3-2.82,1655,15960692323773,15960693126113,100000000,8.0234,True
02,original-v3-2.82,1656,15960698283285,15960699084681,100000000,8.01396,True
02,original-v3-2.82,1657,15960704258461,15960705059965,100000000,8.01504,True
02,original-v3-2.82,1658,15960710193109,15960710994641,100000000,8.01532,True
02,original-v3-2.82,1659,15960716177045,15960716978985,100000000,8.0194,True
02,original-v3-2.82,1660,15960722138041,15960722939801,100000000,8.0176,True
02,original-v3-2.82,1661,15960728091677,15960728893285,100000000,8.01608,True
02,original-v3-2.82,1662,15960734035553,15960734837417,100000000,8.01864,True
02,original-v3-2.82,1663,15960739999309,15960740800757,100000000,8.01448,True
02,original-v3-2.82,1664,15960745943149,15960746744661,100000000,8.01512,True
02,original-v3-2.82,1665,15960751892457,15960752693697,100000000,8.0124,True
02,original-v3-2.82,1666,15960757872037,15960758673609,100000000,8.01572,True
02,original-v3-2.82,1667,15960763876293,15960764677773,100000000,8.0148,True
02,original-v3-2.82,1668,15960769812929,15960770614781,100000000,8.01852,True
02,original-v3-2.82,1669,15960775742677,15960776543733,100000000,8.01056,True
02,original-v3-2.82,1670,15960781741773,15960782544557,100000000,8.02784,True
02,original-v3-2.82,1671,15960787689409,15960788491005,100000000,8.01596,True
02,original-v3-2.82,1672,15960793619237,15960794421169,100000000,8.01932,True
02,original-v3-2.82,1673,15960799571173,15960800376457,100000000,8.05284,True
02,original-v3-2.82,1674,15960805521805,15960806323737,100000000,8.01932,True
02,original-v3-2.82,1675,15960811483145,15960812284269,100000000,8.01124,True
02,original-v3-2.82,1676,15960817456989,15960818258493,100000000,8.01504,True
02,original-v3-2.82,1677,15960823413341,15960824215345,100000000,8.02004,True
02,original-v3-2.82,1678,15960829363229,15960830165085,100000000,8.01856,True
02,original-v3-2.82,1679,15960835307945,15960836109361,100000000,8.01416,True
02,original-v3-2.82,1680,15960841273805,15960842075445,100000000,8.0164,True
02,original-v3-2.82,1681,15960847208421,15960848010081,100000000,8.0166,True
02,original-v3-2.82,1682,15960853169457,15960853971301,100000000,8.01844,True
02,original-v3-2.82,1683,15960859105733,15960859907409,100000000,8.01676,True
02,original-v3-2.82,1684,15960865036913,15960865837981,100000000,8.01068,True
02,original-v3-2.82,1685,15960870989085,15960871790957,100000000,8.01872,True
02,original-v3-2.82,1686,15960876934889,15960877736633,100000000,8.01744,True
02,original-v3-2.82,1687,15960882883721,15960883685397,100000000,8.01676,True
02,original-v3-2.82,1688,15960888829837,15960889631445,100000000,8.01608,True
02,original-v3-2.82,1689,15960894841561,15960895642597,100000000,8.01036,True
02,original-v3-2.82,1690,15960900789101,15960901590889,100000000,8.01788,True
02,original-v3-2.82,1691,15960906737245,15960907539545,100000000,8.023,True
02,original-v3-2.82,1692,15960912706817,15960913508185,100000000,8.01368,True
02,original-v3-2.82,1693,15960918661209,15960919463329,100000000,8.0212,True
02,original-v3-2.82,1694,15960924598633,15960925400897,100000000,8.02264,True
02,original-v3-2.82,1695,15960930527549,15960931329809,100000000,8.0226,True
02,original-v3-2.82,1696,15960936519645,15960937321385,100000000,8.0174,True
02,original-v3-2.82,1697,15960942516817,15960943318337,100000000,8.0152,True
02,original-v3-2.82,1698,15960948462981,15960949265153,100000000,8.02172,True
02,original-v3-2.82,1699,15960954408757,15960955210421,100000000,8.01664,True
02,original-v3-2.82,1700,15960960354425,15960961155449,100000000,8.01024,True
02,original-v3-2.82,1701,15960966319121,15960967121049,100000000,8.01928,True
02,original-v3-2.82,1702,15960972241633,15960973043197,100000000,8.01564,True
02,original-v3-2.82,1703,15960978169701,15960978970877,100000000,8.01176,True
02,original-v3-2.82,1704,15960984101133,15960984902737,100000000,8.01604,True
02,original-v3-2.82,1705,15960990036425,15960990837925,100000000,8.015,True
02,original-v3-2.82,1706,15960995977841,15960996779657,100000000,8.01816,True
02,original-v3-2.82,1707,15961002082025,15961002883593,100000000,8.01568,True
02,original-v3-2.82,1708,15961008026565,15961008828417,100000000,8.01852,True
02,original-v3-2.82,1709,15961013968865,15961014770613,100000000,8.01748,True
02,original-v3-2.82,1710,15961019918237,15961020720125,100000000,8.01888,True
02,original-v3-2.82,1711,15961025861685,15961026663277,100000000,8.01592,True
02,original-v3-2.82,1712,15961031793021,15961032594809,100000000,8.01788,True
02,original-v3-2.82,1713,15961037747133,15961038548457,100000000,8.01324,True
02,original-v3-2.82,1714,15961043666229,15961044467665,100000000,8.01436,True
02,original-v3-2.82,1715,15961049642517,15961050444369,100000000,8.01852,True
02,original-v3-2.82,1716,15961055619185,15961056420605,100000000,8.0142,True
02,original-v3-2.82,1717,15961061566733,15961062368309,100000000,8.01576,True
02,original-v3-2.82,1718,15961067546421,15961068348057,100000000,8.01636,True
02,original-v3-2.82,1719,15961073509869,15961074311501,100000000,8.01632,True
02,original-v3-2.82,1720,15961079462889,15961080264205,100000000,8.01316,True
02,original-v3-2.82,1721,15961085404889,15961086207205,100000000,8.02316,True
02,original-v3-2.82,1722,15961091338209,15961092140185,100000000,8.01976,True
02,original-v3-2.82,1723,15961097268297,15961098069909,100000000,8.01612,True
02,original-v3-2.82,1724,15961103218177,15961104020397,100000000,8.0222,True
02,original-v3-2.82,1725,15961109168985,15961109971525,100000000,8.0254,True
02,original-v3-2.82,1726,15961115132733,15961115934385,100000000,8.01652,True
02,original-v3-2.82,1727,15961121088161,15961121889701,100000000,8.0154,True
02,original-v3-2.82,1728,15961127041873,15961127842733,100000000,8.0086,True
02,original-v3-2.82,1729,15961132975793,15961133777221,100000000,8.01428,True
02,original-v3-2.82,1730,15961138919381,15961139721081,100000000,8.017,True
02,original-v3-2.82,1731,15961144850473,15961145651773,100000000,8.013,True
02,original-v3-2.82,1732,15961150772177,15961151573809,100000000,8.01632,True
02,original-v3-2.82,1733,15961156729109,15961157530385,100000000,8.01276,True
02,original-v3-2.82,1734,15961162680357,15961163481921,100000000,8.01564,True
02,original-v3-2.82,1735,15961168651797,15961169452841,100000000,8.01044,True
02,original-v3-2.82,1736,15961174649197,15961175451105,100000000,8.01908,True
02,original-v3-2.82,1737,15961180611953,15961181413533,100000000,8.0158,True
02,original-v3-2.82,1738,15961186580021,15961187381329,100000000,8.01308,True
02,original-v3-2.82,1739,15961192535641,15961193337525,100000000,8.01884,True
02,original-v3-2.82,1740,15961198470045,15961199271509,100000000,8.01464,True
02,original-v3-2.82,1741,15961204458685,15961205259825,100000000,8.0114,True
02,original-v3-2.82,1742,15961210412025,15961211214149,100000000,8.02124,True
02,original-v3-2.82,1743,15961216352057,15961217153705,100000000,8.01648,True
02,original-v3-2.82,1744,15961222366353,15961223168573,100000000,8.0222,True
02,original-v3-2.82,1745,15961228333965,15961229135557,100000000,8.01592,True
02,original-v3-2.82,1746,15961234300473,15961235102489,100000000,8.02016,True
02,original-v3-2.82,1747,15961240253045,15961241054997,100000000,8.01952,True
02,original-v3-2.82,1748,15961246204461,15961247006029,100000000,8.01568,True
02,original-v3-2.82,1749,15961252182873,15961252984345,100000000,8.01472,True
02,original-v3-2.82,1750,15961258138429,15961258939705,100000000,8.01276,True
02,original-v3-2.82,1751,15961264086869,15961264888865,100000000,8.01996,True
02,original-v3-2.82,1752,15961270025829,15961270827717,100000000,8.01888,True
02,original-v3-2.82,1753,15961275976033,15961276777725,100000000,8.01692,True
02,original-v3-2.82,1754,15961281923281,15961282724405,100000000,8.01124,True
02,original-v3-2.82,1755,15961287899101,15961288700413,100000000,8.01312,True
02,original-v3-2.82,1756,15961293850741,15961294652361,100000000,8.0162,True
02,original-v3-2.82,1757,15961299839829,15961300641965,100000000,8.02136,True
02,original-v3-2.82,1758,15961305792305,15961306593813,100000000,8.01508,True
02,original-v3-2.82,1759,15961311721005,15961312523165,100000000,8.0216,True
02,original-v3-2.82,1760,15961317671445,15961318473621,100000000,8.02176,True
02,original-v3-2.82,1761,15961323638585,15961324440317,100000000,8.01732,True
02,original-v3-2.82,1762,15961329638057,15961330439541,100000000,8.01484,True
02,original-v3-2.82,1763,15961335613501,15961336415337,100000000,8.01836,True
02,original-v3-2.82,1764,15961341590041,15961342391929,100000000,8.01888,True
02,original-v3-2.82,1765,15961347564065,15961348365401,100000000,8.01336,True
02,original-v3-2.82,1766,15961353513345,15961354315389,100000000,8.02044,True
02,original-v3-2.82,1767,15961359484257,15961360285737,100000000,8.0148,True
02,original-v3-2.82,1768,15961365434233,15961366235561,100000000,8.01328,True
02,original-v3-2.82,1769,15961371374685,15961372176469,100000000,8.01784,True
02,original-v3-2.82,1770,15961377329101,15961378130617,100000000,8.01516,True
02,original-v3-2.82,1771,15961383296841,15961384098209,100000000,8.01368,True
02,original-v3-2.82,1772,15961389240245,15961390041917,100000000,8.01672,True
02,original-v3-2.82,1773,15961395184569,15961395986417,100000000,8.01848,True
02,original-v3-2.82,1774,15961401135097,15961401936989,100000000,8.01892,True
02,original-v3-2.82,1775,15961407097797,15961407900125,100000000,8.02328,True
02,original-v3-2.82,1776,15961413068549,15961413870293,100000000,8.01744,True
02,original-v3-2.82,1777,15961419021833,15961419823669,100000000,8.01836,True
02,original-v3-2.82,1778,15961424951901,15961425753705,100000000,8.01804,True
02,original-v3-2.82,1779,15961430903829,15961431705601,100000000,8.01772,True
02,original-v3-2.82,1780,15961436876657,15961437678237,100000000,8.0158,True
02,original-v3-2.82,1781,15961442820105,15961443621873,100000000,8.01768,True
02,original-v3-2.82,1782,15961448761353,15961449563017,100000000,8.01664,True
02,original-v3-2.82,1783,15961454690373,15961455492281,100000000,8.01908,True
02,original-v3-2.82,1784,15961460644393,15961461446169,100000000,8.01776,True
02,original-v3-2.82,1785,15961466594045,15961467395889,100000000,8.01844,True
02,original-v3-2.82,1786,15961472527625,15961473329385,100000000,8.0176,True
02,original-v3-2.82,1787,15961478507525,15961479308813,100000000,8.01288,True
02,original-v3-2.82,1788,15961484449613,15961485251161,100000000,8.01548,True
02,original-v3-2.82,1789,15961490380685,15961491182277,100000000,8.01592,True
02,original-v3-2.82,1790,15961496346273,15961497147941,100000000,8.01668,True
02,original-v3-2.82,1791,15961502309141,15961503110405,100000000,8.01264,True
03,original-v3-2.82,2492,15982163145233,15982163946733,100000000,8.015,True
03,original-v3-2.82,2493,15982169081273,15982169882521,100000000,8.01248,True
03,original-v3-2.82,2494,15982175021157,15982175821917,100000000,8.0076,True
03,original-v3-2.82,2495,15982180985469,15982181787605,100000000,8.02136,True
03,original-v3-2.82,2496,15982186936837,15982187737901,100000000,8.01064,True
03,original-v3-2.82,2497,15982192874701,15982193675933,100000000,8.01232,True
03,original-v3-2.82,2498,15982198801469,15982199602901,100000000,8.01432,True
03,original-v3-2.82,2499,15982204777193,15982205578721,100000000,8.01528,True
03,original-v3-2.82,2500,15982210738509,15982211539709,100000000,8.012,True
03,original-v3-2.82,2501,15982216719681,15982217520993,100000000,8.01312,True
03,original-v3-2.82,2502,15982222649801,15982223451229,100000000,8.01428,True
03,original-v3-2.82,2503,15982228623733,15982229425861,100000000,8.02128,True
03,original-v3-2.82,2504,15982234595677,15982235396317,100000000,8.0064,True
03,original-v3-2.82,2505,15982240545681,15982241346605,100000000,8.00924,True
03,original-v3-2.82,2506,15982246501485,15982247303177,100000000,8.01692,True
03,original-v3-2.82,2507,15982252465053,15982253266505,100000000,8.01452,True
03,original-v3-2.82,2508,15982258422353,15982259223837,100000000,8.01484,True
03,original-v3-2.82,2509,15982264370109,15982265171741,100000000,8.01632,True
03,original-v3-2.82,2510,15982270350561,15982271152413,100000000,8.01852,True
03,original-v3-2.82,2511,15982276297209,15982277098593,100000000,8.01384,True
03,original-v3-2.82,2512,15982282230773,15982283032553,100000000,8.0178,True
03,original-v3-2.82,2513,15982288184841,15982288986353,100000000,8.01512,True
03,original-v3-2.82,2514,15982294121673,15982294923573,100000000,8.019,True
03,original-v3-2.82,2515,15982300063021,15982300863897,100000000,8.00876,True
03,original-v3-2.82,2516,15982305998069,15982306799981,100000000,8.01912,True
03,original-v3-2.82,2517,15982311962225,15982312763693,100000000,8.01468,True
03,original-v3-2.82,2518,15982317914097,15982318715801,100000000,8.01704,True
03,original-v3-2.82,2519,15982323885369,15982324686193,100000000,8.00824,True
03,original-v3-2.82,2520,15982329845957,15982330647501,100000000,8.01544,True
03,original-v3-2.82,2521,15982335829273,15982336630677,100000000,8.01404,True
03,original-v3-2.82,2522,15982341775441,15982342576737,100000000,8.01296,True
03,original-v3-2.82,2523,15982347723913,15982348525165,100000000,8.01252,True
03,original-v3-2.82,2524,15982353696157,15982354497105,100000000,8.00948,True
03,original-v3-2.82,2525,15982359650941,15982360452273,100000000,8.01332,True
03,original-v3-2.82,2526,15982365591885,15982366392761,100000000,8.00876,True
03,original-v3-2.82,2527,15982371518845,15982372320229,100000000,8.01384,True
03,original-v3-2.82,2528,15982377465633,15982378267157,100000000,8.01524,True
03,original-v3-2.82,2529,15982383406373,15982384207649,100000000,8.01276,True
03,original-v3-2.82,2530,15982389351381,15982390153089,100000000,8.01708,True
03,original-v3-2.82,2531,15982395325257,15982396127161,100000000,8.01904,True
03,original-v3-2.82,2532,15982401286381,15982402087997,100000000,8.01616,True
03,original-v3-2.82,2533,15982407231661,15982408032865,100000000,8.01204,True
03,original-v3-2.82,2534,15982413193229,15982413995129,100000000,8.019,True
03,original-v3-2.82,2535,15982419157665,15982419958849,100000000,8.01184,True
03,original-v3-2.82,2536,15982425102357,15982425903901,100000000,8.01544,True
03,original-v3-2.82,2537,15982431045477,15982431846721,100000000,8.01244,True
03,original-v3-2.82,2538,15982436985117,15982437785545,100000000,8.00428,True
03,original-v3-2.82,2539,15982442921457,15982443722941,100000000,8.01484,True
03,original-v3-2.82,2540,15982448884441,15982449685013,100000000,8.00572,True
03,original-v3-2.82,2541,15982454852949,15982455654445,100000000,8.01496,True
03,original-v3-2.82,2542,15982460859521,15982461660617,100000000,8.01096,True
03,original-v3-2.82,2543,15982466811829,15982467613141,100000000,8.01312,True
03,original-v3-2.82,2544,15982472796961,15982473598701,100000000,8.0174,True
03,original-v3-2.82,2545,15982478775553,15982479576705,100000000,8.01152,True
03,original-v3-2.82,2546,15982484732213,15982485533225,100000000,8.01012,True
03,original-v3-2.82,2547,15982490693525,15982491494925,100000000,8.014,True
03,original-v3-2.82,2548,15982496688513,15982497489821,100000000,8.01308,True
03,original-v3-2.82,2549,15982502637897,15982503438905,100000000,8.01008,True
03,original-v3-2.82,2550,15982508623225,15982509424557,100000000,8.01332,True
03,original-v3-2.82,2551,15982514593201,15982515394317,100000000,8.01116,True
03,original-v3-2.82,2552,15982520565149,15982521366501,100000000,8.01352,True
03,original-v3-2.82,2553,15982526531761,15982527332581,100000000,8.0082,True
03,original-v3-2.82,2554,15982532482081,15982533283173,100000000,8.01092,True
03,original-v3-2.82,2555,15982538412869,15982539214745,100000000,8.01876,True
03,original-v3-2.82,2556,15982544351293,15982545152645,100000000,8.01352,True
03,original-v3-2.82,2557,15982550291673,15982551092141,100000000,8.00468,True
03,original-v3-2.82,2558,15982556216121,15982557017533,100000000,8.01412,True
03,original-v3-2.82,2559,15982562163009,15982562964429,100000000,8.0142,True
03,original-v3-2.82,2560,15982568108845,15982568909857,100000000,8.01012,True
03,original-v3-2.82,2561,15982574050529,15982574852541,100000000,8.02012,True
03,original-v3-2.82,2562,15982580000765,15982580801041,100000000,8.00276,True
03,original-v3-2.82,2563,15982585958061,15982586759097,100000000,8.01036,True
03,original-v3-2.82,2564,15982591889033,15982592690773,100000000,8.0174,True
03,original-v3-2.82,2565,15982597840361,15982598641373,100000000,8.01012,True
03,original-v3-2.82,2566,15982603812949,15982604614285,100000000,8.01336,True
03,original-v3-2.82,2567,15982609773817,15982610575153,100000000,8.01336,True
03,original-v3-2.82,2568,15982615702125,15982616504129,100000000,8.02004,True
03,original-v3-2.82,2569,15982621671081,15982622472389,100000000,8.01308,True
03,original-v3-2.82,2570,15982627597245,15982628398981,100000000,8.01736,True
03,original-v3-2.82,2571,15982633576445,15982634377805,100000000,8.0136,True
03,original-v3-2.82,2572,15982639504397,15982640305541,100000000,8.01144,True
03,original-v3-2.82,2573,15982645426729,15982646228181,100000000,8.01452,True
03,original-v3-2.82,2574,15982651366069,15982652167685,100000000,8.01616,True
03,original-v3-2.82,2575,15982657289521,15982658091481,100000000,8.0196,True
03,original-v3-2.82,2576,15982663258693,15982664059809,100000000,8.01116,True
03,original-v3-2.82,2577,15982669221997,15982670023345,100000000,8.01348,True
03,original-v3-2.82,2578,15982675154517,15982675955765,100000000,8.01248,True
03,original-v3-2.82,2579,15982681084821,15982681886881,100000000,8.0206,True
03,original-v3-2.82,2580,15982687060953,15982687861689,100000000,8.00736,True
03,original-v3-2.82,2581,15982693017985,15982693819749,100000000,8.01764,True
03,original-v3-2.82,2582,15982698963457,15982699764273,100000000,8.00816,True
03,original-v3-2.82,2583,15982704939153,15982705740981,100000000,8.01828,True
03,original-v3-2.82,2584,15982710912605,15982711714029,100000000,8.01424,True
03,original-v3-2.82,2585,15982716848757,15982717650221,100000000,8.01464,True
03,original-v3-2.82,2586,15982722776469,15982723578177,100000000,8.01708,True
03,original-v3-2.82,2587,15982728706125,15982729506797,100000000,8.00672,True
03,original-v3-2.82,2588,15982734650173,15982735451241,100000000,8.01068,True
03,original-v3-2.82,2589,15982740602701,15982741403921,100000000,8.0122,True
03,original-v3-2.82,2590,15982746559789,15982747361349,100000000,8.0156,True
03,original-v3-2.82,2591,15982752489809,15982753290989,100000000,8.0118,True
03,original-v3-2.82,2592,15982758441837,15982759243109,100000000,8.01272,True
03,original-v3-2.82,2593,15982764388141,15982765189045,100000000,8.00904,True
03,original-v3-2.82,2594,15982770321433,15982771122581,100000000,8.01148,True
03,original-v3-2.82,2595,15982776262097,15982777062645,100000000,8.00548,True
03,original-v3-2.82,2596,15982782209005,15982783010713,100000000,8.01708,True
03,original-v3-2.82,2597,15982788127177,15982788928077,100000000,8.009,True
03,original-v3-2.82,2598,15982794080925,15982794882453,100000000,8.01528,True
03,original-v3-2.82,2599,15982800030037,15982800831257,100000000,8.0122,True
03,original-v3-2.82,2600,15982805970901,15982806771693,100000000,8.00792,True
03,original-v3-2.82,2601,15982811902813,15982812704597,100000000,8.01784,True
03,original-v3-2.82,2602,15982817835097,15982818636661,100000000,8.01564,True
03,original-v3-2.82,2603,15982823755445,15982824556265,100000000,8.0082,True
03,original-v3-2.82,2604,15982829670441,15982830471973,100000000,8.01532,True
03,original-v3-2.82,2605,15982835589513,15982836390597,100000000,8.01084,True
03,original-v3-2.82,2606,15982841537017,15982842337561,100000000,8.00544,True
03,original-v3-2.82,2607,15982847486309,15982848287341,100000000,8.01032,True
03,original-v3-2.82,2608,15982853421761,15982854222865,100000000,8.01104,True
03,original-v3-2.82,2609,15982859362169,15982860163225,100000000,8.01056,True
03,original-v3-2.82,2610,15982865328293,15982866129493,100000000,8.012,True
03,original-v3-2.82,2611,15982871263441,15982872064565,100000000,8.01124,True
03,original-v3-2.82,2612,15982877201897,15982878002829,100000000,8.00932,True
03,original-v3-2.82,2613,15982883154665,15982883955541,100000000,8.00876,True
03,original-v3-2.82,2614,15982889136661,15982889937313,100000000,8.00652,True
03,original-v3-2.82,2615,15982895095325,15982895895425,100000000,8.001,True
03,original-v3-2.82,2616,15982901055369,15982901856397,100000000,8.01028,True
03,original-v3-2.82,2617,15982906981949,15982907783081,100000000,8.01132,True
03,original-v3-2.82,2618,15982912931713,15982913732877,100000000,8.01164,True
03,original-v3-2.82,2619,15982918879357,15982919680957,100000000,8.016,True
03,original-v3-2.82,2620,15982924853741,15982925655001,100000000,8.0126,True
03,original-v3-2.82,2621,15982930829741,15982931631653,100000000,8.01912,True
03,original-v3-2.82,2622,15982936771905,15982937572793,100000000,8.00888,True
03,original-v3-2.82,2623,15982942695461,15982943496877,100000000,8.01416,True
03,original-v3-2.82,2624,15982948637553,15982949438673,100000000,8.0112,True
03,original-v3-2.82,2625,15982954595917,15982955397421,100000000,8.01504,True
03,original-v3-2.82,2626,15982960569629,15982961370561,100000000,8.00932,True
03,original-v3-2.82,2627,15982966494681,15982967296309,100000000,8.01628,True
03,original-v3-2.82,2628,15982972446513,15982973248573,100000000,8.0206,True
03,original-v3-2.82,2629,15982978415265,15982979217041,100000000,8.01776,True
03,original-v3-2.82,2630,15982984362721,15982985165169,100000000,8.02448,True
03,original-v3-2.82,2631,15982990385265,15982991186565,100000000,8.013,True
03,original-v3-2.82,2632,15982996353437,15982997154225,100000000,8.00788,True
03,original-v3-2.82,2633,15983002298285,15983003099713,100000000,8.01428,True
03,original-v3-2.82,2634,15983008252297,15983009053781,100000000,8.01484,True
03,original-v3-2.82,2635,15983014192229,15983014993917,100000000,8.01688,True
03,original-v3-2.82,2636,15983020158533,15983020960005,100000000,8.01472,True
03,original-v3-2.82,2637,15983026085445,15983026886525,100000000,8.0108,True
03,original-v3-2.82,2638,15983032086217,15983032887845,100000000,8.01628,True
03,original-v3-2.82,2639,15983038044789,15983038846493,100000000,8.01704,True
03,original-v3-2.82,2640,15983044005337,15983044807293,100000000,8.01956,True
03,original-v3-2.82,2641,15983049931489,15983050732501,100000000,8.01012,True
03,original-v3-2.82,2642,15983055865281,15983056666909,100000000,8.01628,True
03,original-v3-2.82,2643,15983061796437,15983062598137,100000000,8.017,True
03,original-v3-2.82,2644,15983067776181,15983068577797,100000000,8.01616,True
03,original-v3-2.82,2645,15983073715977,15983074517253,100000000,8.01276,True
03,original-v3-2.82,2646,15983079663977,15983080465537,100000000,8.0156,True
03,original-v3-2.82,2647,15983085628881,15983086430361,100000000,8.0148,True
03,original-v3-2.82,2648,15983091623445,15983092424169,100000000,8.00724,True
03,original-v3-2.82,2649,15983097563929,15983098364769,100000000,8.0084,True
03,original-v3-2.82,2650,15983103511633,15983104313161,100000000,8.01528,True
03,original-v3-2.82,2651,15983109451469,15983110252677,100000000,8.01208,True
03,original-v3-2.82,2652,15983115408133,15983116209061,100000000,8.00928,True
03,original-v3-2.82,2653,15983121363165,15983122164913,100000000,8.01748,True
03,original-v3-2.82,2654,15983127290221,15983128091881,100000000,8.0166,True
03,original-v3-2.82,2655,15983133235409,15983134036669,100000000,8.0126,True
03,original-v3-2.82,2656,15983139165721,15983139966441,100000000,8.0072,True
03,original-v3-2.82,2657,15983145100665,15983145902305,100000000,8.0164,True
04,installed-2.84,23375,16104049542653,16104050128341,100000000,5.85688,True
04,installed-2.84,23376,16104054640961,16104055222129,100000000,5.81168,True
04,installed-2.84,23377,16104059709297,16104060291933,100000000,5.82636,True
04,installed-2.84,23378,16104064783129,16104065367689,100000000,5.8456,True
04,installed-2.84,23379,16104069864397,16104070447113,100000000,5.82716,True
04,installed-2.84,23380,16104074948933,16104075532181,100000000,5.83248,True
04,installed-2.84,23381,16104080021713,16104080603221,100000000,5.81508,True
04,installed-2.84,23382,16104085109917,16104085691793,100000000,5.81876,True
04,installed-2.84,23383,16104090205625,16104090789657,100000000,5.84032,True
04,installed-2.84,23384,16104095336917,16104095918573,100000000,5.81656,True
04,installed-2.84,23385,16104100443121,16104101026405,100000000,5.83284,True
04,installed-2.84,23386,16104105518593,16104106103049,100000000,5.84456,True
04,installed-2.84,23387,16104110619117,16104111202241,100000000,5.83124,True
04,installed-2.84,23388,16104115723137,16104116307465,100000000,5.84328,True
04,installed-2.84,23389,16104120805653,16104121387953,100000000,5.823,True
04,installed-2.84,23390,16104125906085,16104126488701,100000000,5.82616,True
04,installed-2.84,23391,16104131024433,16104131608121,100000000,5.83688,True
04,installed-2.84,23392,16104136128657,16104136711749,100000000,5.83092,True
04,installed-2.84,23393,16104141217381,16104141800413,100000000,5.83032,True
04,installed-2.84,23394,16104146312849,16104146895233,100000000,5.82384,True
04,installed-2.84,23395,16104151420273,16104152002669,100000000,5.82396,True
04,installed-2.84,23396,16104156540413,16104157122705,100000000,5.82292,True
04,installed-2.84,23397,16104161631009,16104162214209,100000000,5.832,True
04,installed-2.84,23398,16104166714565,16104167297569,100000000,5.83004,True
04,installed-2.84,23399,16104171819613,16104172403869,100000000,5.84256,True
04,installed-2.84,23400,16104176917345,16104177500749,100000000,5.83404,True
04,installed-2.84,23401,16104182003233,16104182585493,100000000,5.8226,True
04,installed-2.84,23402,16104187086301,16104187668841,100000000,5.8254,True
04,installed-2.84,23403,16104192166673,16104192750653,100000000,5.8398,True
04,installed-2.84,23404,16104197265785,16104197849325,100000000,5.8354,True
04,installed-2.84,23405,16104202358953,16104202942865,100000000,5.83912,True
04,installed-2.84,23406,16104207480197,16104208062153,100000000,5.81956,True
04,installed-2.84,23407,16104212564765,16104213147721,100000000,5.82956,True
04,installed-2.84,23408,16104217665793,16104218250413,100000000,5.8462,True
04,installed-2.84,23409,16104222781517,16104223364641,100000000,5.83124,True
04,installed-2.84,23410,16104227892409,16104228474853,100000000,5.82444,True
04,installed-2.84,23411,16104232976701,16104233558829,100000000,5.82128,True
04,installed-2.84,23412,16104238106197,16104238687689,100000000,5.81492,True
04,installed-2.84,23413,16104243214169,16104243796561,100000000,5.82392,True
04,installed-2.84,23414,16104248303737,16104248890597,100000000,5.8686,True
04,installed-2.84,23415,16104253433085,16104254017997,100000000,5.84912,True
04,installed-2.84,23416,16104258551297,16104259133725,100000000,5.82428,True
04,installed-2.84,23417,16104263653181,16104264235945,100000000,5.82764,True
04,installed-2.84,23418,16104268762845,16104269345829,100000000,5.82984,True
04,installed-2.84,23419,16104273858957,16104274443165,100000000,5.84208,True
04,installed-2.84,23420,16104278960193,16104279544145,100000000,5.83952,True
04,installed-2.84,23421,16104284075285,16104284657621,100000000,5.82336,True
04,installed-2.84,23422,16104289165981,16104289749017,100000000,5.83036,True
04,installed-2.84,23423,16104294265325,16104294846889,100000000,5.81564,True
04,installed-2.84,23424,16104299366225,16104299949501,100000000,5.83276,True
04,installed-2.84,23425,16104304461665,16104305044457,100000000,5.82792,True
04,installed-2.84,23426,16104309554745,16104310137185,100000000,5.8244,True
04,installed-2.84,23427,16104314654677,16104315237113,100000000,5.82436,True
04,installed-2.84,23428,16104319759009,16104320340709,100000000,5.817,True
04,installed-2.84,23429,16104324887997,16104325470757,100000000,5.8276,True
04,installed-2.84,23430,16104330016713,16104330598845,100000000,5.82132,True
04,installed-2.84,23431,16104335136541,16104335719157,100000000,5.82616,True
04,installed-2.84,23432,16104340221193,16104340802537,100000000,5.81344,True
04,installed-2.84,23433,16104345313657,16104345896549,100000000,5.82892,True
04,installed-2.84,23434,16104350406489,16104350989997,100000000,5.83508,True
04,installed-2.84,23435,16104355509681,16104356093537,100000000,5.83856,True
04,installed-2.84,23436,16104360615053,16104361197873,100000000,5.8282,True
04,installed-2.84,23437,16104365712097,16104366294653,100000000,5.82556,True
04,installed-2.84,23438,16104370805113,16104371386317,100000000,5.81204,True
04,installed-2.84,23439,16104375945493,16104376527577,100000000,5.82084,True
04,installed-2.84,23440,16104381032129,16104381614465,100000000,5.82336,True
04,installed-2.84,23441,16104386141941,16104386727101,100000000,5.8516,True
04,installed-2.84,23442,16104391238473,16104391821617,100000000,5.83144,True
04,installed-2.84,23443,16104396360465,16104396942149,100000000,5.81684,True
04,installed-2.84,23444,16104401512977,16104402095093,100000000,5.82116,True
04,installed-2.84,23445,16104406605397,16104407187461,100000000,5.82064,True
04,installed-2.84,23446,16104411727989,16104412310853,100000000,5.82864,True
04,installed-2.84,23447,16104416850281,16104417435029,100000000,5.84748,True
04,installed-2.84,23448,16104421949181,16104422533217,100000000,5.84036,True
04,installed-2.84,23449,16104427096577,16104427677897,100000000,5.8132,True
04,installed-2.84,23450,16104432205737,16104432787805,100000000,5.82068,True
04,installed-2.84,23451,16104437296081,16104437880273,100000000,5.84192,True
04,installed-2.84,23452,16104442396989,16104442979233,100000000,5.82244,True
04,installed-2.84,23453,16104447554389,16104448137889,100000000,5.835,True
04,installed-2.84,23454,16104452677177,16104453259881,100000000,5.82704,True
04,installed-2.84,23455,16104457784005,16104458366485,100000000,5.8248,True
04,installed-2.84,23456,16104462872905,16104463456977,100000000,5.84072,True
04,installed-2.84,23457,16104468002217,16104468584645,100000000,5.82428,True
04,installed-2.84,23458,16104473091525,16104473672645,100000000,5.8112,True
04,installed-2.84,23459,16104478192077,16104478775109,100000000,5.83032,True
04,installed-2.84,23460,16104483354773,16104483937481,100000000,5.82708,True
04,installed-2.84,23461,16104488458505,16104489043589,100000000,5.85084,True
04,installed-2.84,23462,16104493575069,16104494159021,100000000,5.83952,True
04,installed-2.84,23463,16104498702265,16104499286109,100000000,5.83844,True
04,installed-2.84,23464,16104503786529,16104504368773,100000000,5.82244,True
04,installed-2.84,23465,16104508867405,16104509451585,100000000,5.8418,True
04,installed-2.84,23466,16104513968225,16104514551597,100000000,5.83372,True
04,installed-2.84,23467,16104519098921,16104519680629,100000000,5.81708,True
04,installed-2.84,23468,16104524245049,16104524828461,100000000,5.83412,True
04,installed-2.84,23469,16104529349717,16104529931753,100000000,5.82036,True
04,installed-2.84,23470,16104534429209,16104535013197,100000000,5.83988,True
04,installed-2.84,23471,16104539513737,16104540096905,100000000,5.83168,True
04,installed-2.84,23472,16104544608905,16104545191145,100000000,5.8224,True
04,installed-2.84,23473,16104549711665,16104550294865,100000000,5.832,True
04,installed-2.84,23474,16104554804081,16104555386137,100000000,5.82056,True
04,installed-2.84,23475,16104559904277,16104560486873,100000000,5.82596,True
04,installed-2.84,23476,16104564994189,16104565576305,100000000,5.82116,True
04,installed-2.84,23477,16104570104625,16104570686569,100000000,5.81944,True
04,installed-2.84,23478,16104575182149,16104575765105,100000000,5.82956,True
04,installed-2.84,23479,16104580295081,16104580877841,100000000,5.8276,True
04,installed-2.84,23480,16104585394277,16104585976053,100000000,5.81776,True
04,installed-2.84,23481,16104590499081,16104591080245,100000000,5.81164,True
04,installed-2.84,23482,16104595594073,16104596177505,100000000,5.83432,True
04,installed-2.84,23483,16104600689609,16104601271421,100000000,5.81812,True
04,installed-2.84,23484,16104605791093,16104606373265,100000000,5.82172,True
04,installed-2.84,23485,16104610895081,16104611476933,100000000,5.81852,True
04,installed-2.84,23486,16104615978789,16104616561361,100000000,5.82572,True
04,installed-2.84,23487,16104621070817,16104621654225,100000000,5.83408,True
04,installed-2.84,23488,16104626178441,16104626761101,100000000,5.8266,True
04,installed-2.84,23489,16104631270257,16104631852125,100000000,5.81868,True
04,installed-2.84,23490,16104636413253,16104636996473,100000000,5.8322,True
04,installed-2.84,23491,16104641504349,16104642087677,100000000,5.83328,True
04,installed-2.84,23492,16104646593473,16104647175369,100000000,5.81896,True
04,installed-2.84,23493,16104651710929,16104652293049,100000000,5.8212,True
04,installed-2.84,23494,16104656816733,16104657398293,100000000,5.8156,True
04,installed-2.84,23495,16104661901289,16104662483837,100000000,5.82548,True
04,installed-2.84,23496,16104666978725,16104667563021,100000000,5.84296,True
04,installed-2.84,23497,16104672069397,16104672652893,100000000,5.83496,True
04,installed-2.84,23498,16104677155925,16104677737965,100000000,5.8204,True
04,installed-2.84,23499,16104682245021,16104682826621,100000000,5.816,True
04,installed-2.84,23500,16104687388725,16104687971993,100000000,5.83268,True
04,installed-2.84,23501,16104692520013,16104693101693,100000000,5.8168,True
04,installed-2.84,23502,16104697684761,16104698268861,100000000,5.841,True
04,installed-2.84,23503,16104702790745,16104703372293,100000000,5.81548,True
04,installed-2.84,23504,16104707889201,16104708472153,100000000,5.82952,True
04,installed-2.84,23505,16104712987613,16104713571489,100000000,5.83876,True
04,installed-2.84,23506,16104718076445,16104718659205,100000000,5.8276,True
04,installed-2.84,23507,16104723160789,16104723744853,100000000,5.84064,True
04,installed-2.84,23508,16104728248977,16104728831153,100000000,5.82176,True
04,installed-2.84,23509,16104733335585,16104733917689,100000000,5.82104,True
04,installed-2.84,23510,16104738437329,16104739019349,100000000,5.8202,True
04,installed-2.84,23511,16104743530293,16104744111961,100000000,5.81668,True
04,installed-2.84,23512,16104748626765,16104749209861,100000000,5.83096,True
04,installed-2.84,23513,16104753727581,16104754311813,100000000,5.84232,True
04,installed-2.84,23514,16104758858217,16104759440665,100000000,5.82448,True
04,installed-2.84,23515,16104763948729,16104764531309,100000000,5.8258,True
04,installed-2.84,23516,16104769038745,16104769623205,100000000,5.8446,True
04,installed-2.84,23517,16104774147189,16104774729713,100000000,5.82524,True
04,installed-2.84,23518,16104779234057,16104779816825,100000000,5.82768,True
04,installed-2.84,23519,16104784364777,16104784947285,100000000,5.82508,True
04,installed-2.84,23520,16104789467741,16104790050213,100000000,5.82472,True
04,installed-2.84,23521,16104794641485,16104795224829,100000000,5.83344,True
04,installed-2.84,23522,16104799855329,16104800438385,100000000,5.83056,True
04,installed-2.84,23523,16104805015257,16104805597041,100000000,5.81784,True
04,installed-2.84,23524,16104810105813,16104810688989,100000000,5.83176,True
04,installed-2.84,23525,16104815179389,16104815761913,100000000,5.82524,True
04,installed-2.84,23526,16104820251525,16104820832721,100000000,5.81196,True
04,installed-2.84,23527,16104825331081,16104825914957,100000000,5.83876,True
04,installed-2.84,23528,16104830402897,16104830983745,100000000,5.80848,True
04,installed-2.84,23529,16104835525189,16104836107141,100000000,5.81952,True
04,installed-2.84,23530,16104840605617,16104841187609,100000000,5.81992,True
04,installed-2.84,23531,16104845673989,16104846258397,100000000,5.84408,True
04,installed-2.84,23532,16104850749121,16104851330377,100000000,5.81256,True
04,installed-2.84,23533,16104855847553,16104856431201,100000000,5.83648,True
04,installed-2.84,23534,16104861006057,16104861587565,100000000,5.81508,True
04,installed-2.84,23535,16104866090789,16104866675529,100000000,5.8474,True
04,installed-2.84,23536,16104871161937,16104871744457,100000000,5.8252,True
04,installed-2.84,23537,16104876232233,16104876814005,100000000,5.81772,True
04,installed-2.84,23538,16104881310841,16104881895317,100000000,5.84476,True
04,installed-2.84,23539,16104886392385,16104886974541,100000000,5.82156,True
04,installed-2.84,23540,16104891476217,16104892057461,100000000,5.81244,True
04,installed-2.84,23541,16104896544797,16104897126477,100000000,5.8168,True
04,installed-2.84,23542,16104901628881,16104902211709,100000000,5.82828,True
04,installed-2.84,23543,16104906712249,16104907293873,100000000,5.81624,True
04,installed-2.84,23544,16104911789565,16104912370901,100000000,5.81336,True
04,installed-2.84,23545,16104916924301,16104917506269,100000000,5.81968,True
04,installed-2.84,23546,16104922009305,16104922592317,100000000,5.83012,True
04,installed-2.84,23547,16104927111181,16104927694693,100000000,5.83512,True
04,installed-2.84,23548,16104932204221,16104932786997,100000000,5.82776,True
04,installed-2.84,23549,16104937383477,16104937965841,100000000,5.82364,True
04,installed-2.84,23550,16104942446897,16104943029941,100000000,5.83044,True
04,installed-2.84,23551,16104947543001,16104948124289,100000000,5.81288,True
04,installed-2.84,23552,16104952635765,16104953217081,100000000,5.81316,True
04,installed-2.84,23553,16104957742501,16104958324617,100000000,5.82116,True
04,installed-2.84,23554,16104962846245,16104963427509,100000000,5.81264,True
04,installed-2.84,23555,16104968010069,16104968592493,100000000,5.82424,True
04,installed-2.84,23556,16104973095189,16104973677569,100000000,5.8238,True
04,installed-2.84,23557,16104978190025,16104978772049,100000000,5.82024,True
04,installed-2.84,23558,16104983272969,16104983854645,100000000,5.81676,True
04,installed-2.84,23559,16104988536333,16104989119081,100000000,5.82748,True
04,installed-2.84,23560,16104993604205,16104994187409,100000000,5.83204,True
04,installed-2.84,23561,16104998704765,16104999289505,100000000,5.8474,True
04,installed-2.84,23562,16105003791641,16105004374117,100000000,5.82476,True
04,installed-2.84,23563,16105008889009,16105009472877,100000000,5.83868,True
04,installed-2.84,23564,16105013992841,16105014576493,100000000,5.83652,True
04,installed-2.84,23565,16105019091985,16105019673505,100000000,5.8152,True
04,installed-2.84,23566,16105024224433,16105024806069,100000000,5.81636,True
04,installed-2.84,23567,16105029314805,16105029895733,100000000,5.80928,True
04,installed-2.84,23568,16105034424393,16105035006729,100000000,5.82336,True
