run,arm,width,height,sample,Timestamp,FrameTime,GPUTime,GameThreadTime,RenderThreadTime,RHIThreadTime,GameThreadWaitTime,PawnCount,IgnoredForSummary
hwrt-off-1080-1-v3,v3,1920,1080,1,2026-09-07T22:10:30.574Z,12.088300,10.272800,6.763600,12.088300,6.203300,6.832400,1,0
hwrt-off-1080-1-v3,v3,1920,1080,2,2026-09-07T22:10:31.578Z,12.084600,10.225500,6.128800,12.084600,6.485100,7.201900,1,0
hwrt-off-1080-1-v3,v3,1920,1080,3,2026-09-07T22:10:32.573Z,11.905700,10.275700,6.421700,11.905700,6.152600,6.977800,1,0
hwrt-off-1080-1-v3,v3,1920,1080,4,2026-09-07T22:10:33.577Z,12.215400,10.208500,6.164900,12.215400,6.348200,7.194700,1,0
hwrt-off-1080-1-v3,v3,1920,1080,5,2026-09-07T22:10:34.571Z,11.789400,10.272800,6.412700,11.789400,6.680500,7.044300,1,0
hwrt-off-1080-1-v3,v3,1920,1080,6,2026-09-07T22:10:35.577Z,12.764900,10.275900,6.047900,12.764900,6.168100,7.506600,1,0
hwrt-off-1080-1-v3,v3,1920,1080,7,2026-09-07T22:10:36.571Z,11.663700,10.257200,5.705400,11.663700,6.293500,6.931000,1,0
hwrt-off-1080-1-v3,v3,1920,1080,8,2026-09-07T22:10:37.577Z,11.768600,10.258300,6.039500,11.768600,6.246100,7.081600,1,0
hwrt-off-1080-1-v3,v3,1920,1080,9,2026-09-07T22:10:38.573Z,13.636600,10.317800,13.636600,13.185700,6.338200,6.971900,1,0
hwrt-off-1080-1-v3,v3,1920,1080,10,2026-09-07T22:10:39.579Z,12.752400,10.263700,5.657500,12.752400,6.335000,6.963400,1,0
hwrt-off-1080-1-v3,v3,1920,1080,11,2026-09-07T22:10:40.574Z,11.839400,10.263100,5.809800,11.839400,6.298300,6.971300,1,0
hwrt-off-1080-1-v3,v3,1920,1080,12,2026-09-07T22:10:41.581Z,12.242600,10.245600,6.006000,12.242600,6.359400,7.078500,1,0
hwrt-off-1080-1-v3,v3,1920,1080,13,2026-09-07T22:10:42.575Z,12.397000,10.257700,6.717800,12.397000,6.000700,7.418200,1,0
hwrt-off-1080-1-v3,v3,1920,1080,14,2026-09-07T22:10:43.581Z,11.935400,10.235800,5.791900,11.935400,6.101600,6.867100,1,0
hwrt-off-1080-1-v3,v3,1920,1080,15,2026-09-07T22:10:44.573Z,12.315100,10.252900,5.981400,12.315100,6.195700,7.126300,1,0
hwrt-off-1080-1-v3,v3,1920,1080,16,2026-09-07T22:10:45.579Z,12.887100,10.244900,5.920500,12.887100,6.099900,8.575600,1,0
hwrt-off-1080-1-v3,v3,1920,1080,17,2026-09-07T22:10:46.574Z,12.151600,10.234700,6.310700,12.151600,6.185600,7.199300,1,0
hwrt-off-1080-1-v3,v3,1920,1080,18,2026-09-07T22:10:47.580Z,12.648400,10.283600,6.009200,12.648400,6.188700,7.069500,1,0
hwrt-off-1080-1-v3,v3,1920,1080,19,2026-09-07T22:10:48.575Z,12.151100,10.235500,5.631300,12.151100,6.123500,7.053100,1,0
hwrt-off-1080-1-v3,v3,1920,1080,20,2026-09-07T22:10:49.579Z,12.917400,10.321000,5.610900,12.917400,6.243500,7.210100,1,0
hwrt-off-1080-1-v3,v3,1920,1080,21,2026-09-07T22:10:50.571Z,12.079000,10.269000,5.628400,12.079000,6.215500,6.996300,1,0
hwrt-off-1080-1-v3,v3,1920,1080,22,2026-09-07T22:10:51.576Z,12.592100,10.255300,6.042200,12.592100,6.267300,7.348900,1,0
hwrt-off-1080-1-v3,v3,1920,1080,23,2026-09-07T22:10:52.572Z,12.082800,10.260400,5.853200,12.082800,6.238000,6.943500,1,0
hwrt-off-1080-1-v3,v3,1920,1080,24,2026-09-07T22:10:53.576Z,12.841100,10.206400,6.935000,12.841100,6.089600,8.435700,1,0
hwrt-off-1080-1-v3,v3,1920,1080,25,2026-09-07T22:10:54.572Z,11.972200,10.289200,5.802800,11.972200,6.391500,6.984700,1,0
hwrt-off-1080-1-v3,v3,1920,1080,26,2026-09-07T22:10:55.577Z,12.274500,10.227500,6.139300,12.274500,6.236800,6.854000,1,0
hwrt-off-1080-1-v3,v3,1920,1080,27,2026-09-07T22:10:56.580Z,12.207000,10.249200,6.453000,12.207000,6.312700,7.112800,1,0
hwrt-off-1080-1-v3,v3,1920,1080,28,2026-09-07T22:10:57.573Z,12.253000,10.222900,5.945100,12.253000,6.235000,6.884000,1,0
hwrt-off-1080-1-v3,v3,1920,1080,29,2026-09-07T22:10:58.580Z,12.482200,10.359100,5.903900,12.482200,6.422500,7.548400,1,0
hwrt-off-1080-1-v3,v3,1920,1080,30,2026-09-07T22:10:59.577Z,12.046100,10.306200,5.723900,12.046100,6.316000,6.878700,1,0
hwrt-off-1080-2-v4,v4,1920,1080,1,2026-09-07T22:13:52.570Z,10.721800,9.127700,5.664400,10.721800,5.083700,5.929000,1,0
hwrt-off-1080-2-v4,v4,1920,1080,2,2026-09-07T22:13:53.574Z,11.330500,9.138700,6.003000,11.330500,4.993600,6.002100,1,0
hwrt-off-1080-2-v4,v4,1920,1080,3,2026-09-07T22:13:54.577Z,10.594400,9.136700,5.733900,10.594400,4.999900,5.756600,1,0
hwrt-off-1080-2-v4,v4,1920,1080,4,2026-09-07T22:13:55.572Z,10.783000,9.188300,6.030600,10.783000,4.937900,6.618600,1,0
hwrt-off-1080-2-v4,v4,1920,1080,5,2026-09-07T22:13:56.577Z,11.079500,9.160100,5.457500,11.079500,5.054700,5.953500,1,0
hwrt-off-1080-2-v4,v4,1920,1080,6,2026-09-07T22:13:57.570Z,11.022500,9.141900,6.005000,11.022500,4.917700,5.757800,1,0
hwrt-off-1080-2-v4,v4,1920,1080,7,2026-09-07T22:13:58.574Z,10.818500,9.115300,6.176800,10.818500,4.955500,6.182700,1,0
hwrt-off-1080-2-v4,v4,1920,1080,8,2026-09-07T22:13:59.570Z,11.824600,9.165700,11.824600,10.713200,5.377100,5.947100,1,0
hwrt-off-1080-2-v4,v4,1920,1080,9,2026-09-07T22:14:00.576Z,10.649600,9.234200,5.760700,10.649600,4.976100,5.791600,1,0
hwrt-off-1080-2-v4,v4,1920,1080,10,2026-09-07T22:14:01.573Z,10.708400,9.174900,5.950400,10.708400,5.055100,6.096100,1,0
hwrt-off-1080-2-v4,v4,1920,1080,11,2026-09-07T22:14:02.577Z,10.524300,9.149900,5.614700,10.524300,5.053700,5.695300,1,0
hwrt-off-1080-2-v4,v4,1920,1080,12,2026-09-07T22:14:03.572Z,10.927300,9.147400,5.418600,10.927300,4.981900,5.864700,1,0
hwrt-off-1080-2-v4,v4,1920,1080,13,2026-09-07T22:14:04.574Z,11.222800,9.172500,6.087900,11.222800,5.018700,5.701000,1,0
hwrt-off-1080-2-v4,v4,1920,1080,14,2026-09-07T22:14:05.578Z,10.846100,9.151000,6.830000,10.846100,4.909500,5.822300,1,0
hwrt-off-1080-2-v4,v4,1920,1080,15,2026-09-07T22:14:06.576Z,10.665200,9.134300,5.812500,10.665200,4.922600,6.113500,1,0
hwrt-off-1080-2-v4,v4,1920,1080,16,2026-09-07T22:14:07.570Z,10.632200,9.153100,5.949400,10.632200,4.995700,5.684000,1,0
hwrt-off-1080-2-v4,v4,1920,1080,17,2026-09-07T22:14:08.574Z,10.925200,9.147300,5.752000,10.925200,5.297100,6.075900,1,0
hwrt-off-1080-2-v4,v4,1920,1080,18,2026-09-07T22:14:09.579Z,11.136000,9.109600,5.581600,11.136000,5.127600,6.208700,1,0
hwrt-off-1080-2-v4,v4,1920,1080,19,2026-09-07T22:14:10.574Z,10.612800,9.154900,5.919800,10.612800,5.018400,5.787300,1,0
hwrt-off-1080-2-v4,v4,1920,1080,20,2026-09-07T22:14:11.570Z,10.647500,9.149000,5.759200,10.647500,4.912600,5.718600,1,0
hwrt-off-1080-2-v4,v4,1920,1080,21,2026-09-07T22:14:12.574Z,10.736700,9.154900,5.709400,10.736700,4.917500,5.726800,1,0
hwrt-off-1080-2-v4,v4,1920,1080,22,2026-09-07T22:14:13.570Z,10.912800,9.120300,5.938300,10.912800,5.367000,5.919500,1,0
hwrt-off-1080-2-v4,v4,1920,1080,23,2026-09-07T22:14:14.573Z,10.668600,9.125700,5.752500,10.668600,5.005200,5.892500,1,0
hwrt-off-1080-2-v4,v4,1920,1080,24,2026-09-07T22:14:15.576Z,10.932200,9.116800,5.657600,10.932200,4.994600,5.934600,1,0
hwrt-off-1080-2-v4,v4,1920,1080,25,2026-09-07T22:14:16.571Z,10.553200,9.153500,6.525300,10.553200,4.838200,5.711000,1,0
hwrt-off-1080-2-v4,v4,1920,1080,26,2026-09-07T22:14:17.576Z,10.673500,9.139800,5.388800,10.673500,4.995300,5.795600,1,0
hwrt-off-1080-2-v4,v4,1920,1080,27,2026-09-07T22:14:18.579Z,10.858000,9.150000,5.442600,10.858000,5.039100,5.824400,1,0
hwrt-off-1080-2-v4,v4,1920,1080,28,2026-09-07T22:14:19.572Z,10.812100,9.143400,6.088000,10.812100,5.188600,5.922700,1,0
hwrt-off-1080-2-v4,v4,1920,1080,29,2026-09-07T22:14:20.575Z,10.840600,9.110900,5.832800,10.840600,4.819400,6.212600,1,0
hwrt-off-1080-2-v4,v4,1920,1080,30,2026-09-07T22:14:21.570Z,11.120900,9.185900,5.831700,11.120900,5.008200,5.876900,1,0
hwrt-off-1080-3-v4,v4,1920,1080,1,2026-09-07T22:17:18.574Z,10.777900,9.172100,5.816700,10.777900,4.893400,5.742500,1,0
hwrt-off-1080-3-v4,v4,1920,1080,2,2026-09-07T22:17:19.579Z,10.664100,9.155200,6.023400,10.664100,4.912000,5.835900,1,0
hwrt-off-1080-3-v4,v4,1920,1080,3,2026-09-07T22:17:20.577Z,10.624600,9.200600,5.904900,10.624600,5.002200,6.169600,1,0
hwrt-off-1080-3-v4,v4,1920,1080,4,2026-09-07T22:17:21.576Z,10.574100,9.172500,5.674300,10.574100,4.939600,5.906700,1,0
hwrt-off-1080-3-v4,v4,1920,1080,5,2026-09-07T22:17:22.573Z,10.586300,9.166800,6.262300,10.586300,4.961400,5.745500,1,0
hwrt-off-1080-3-v4,v4,1920,1080,6,2026-09-07T22:17:23.571Z,10.846200,9.159500,5.470000,10.846200,4.969300,5.950100,1,0
hwrt-off-1080-3-v4,v4,1920,1080,7,2026-09-07T22:17:24.577Z,10.432600,9.141400,5.261400,10.432600,5.139500,5.821000,1,0
hwrt-off-1080-3-v4,v4,1920,1080,8,2026-09-07T22:17:25.578Z,11.958700,9.206200,11.958700,10.829300,5.129500,6.085100,1,0
hwrt-off-1080-3-v4,v4,1920,1080,9,2026-09-07T22:17:26.576Z,10.785600,9.160700,6.242900,10.785600,4.930900,5.916500,1,0
hwrt-off-1080-3-v4,v4,1920,1080,10,2026-09-07T22:17:27.574Z,11.138100,9.183100,5.780700,11.138100,4.999200,5.968100,1,0
hwrt-off-1080-3-v4,v4,1920,1080,11,2026-09-07T22:17:28.574Z,10.797700,9.200200,6.022200,10.797700,5.122300,9.032600,1,0
hwrt-off-1080-3-v4,v4,1920,1080,12,2026-09-07T22:17:29.571Z,10.531200,9.198500,5.836100,10.531200,5.124900,5.995400,1,0
hwrt-off-1080-3-v4,v4,1920,1080,13,2026-09-07T22:17:30.578Z,10.685300,9.173600,5.761900,10.685300,5.032400,5.631900,1,0
hwrt-off-1080-3-v4,v4,1920,1080,14,2026-09-07T22:17:31.576Z,11.182300,9.171500,5.895800,11.182300,5.294500,6.675800,1,0
hwrt-off-1080-3-v4,v4,1920,1080,15,2026-09-07T22:17:32.576Z,10.499200,9.187200,5.934100,10.499200,5.013400,5.999500,1,0
hwrt-off-1080-3-v4,v4,1920,1080,16,2026-09-07T22:17:33.573Z,10.995900,9.166000,5.588400,10.995900,5.176800,6.063600,1,0
hwrt-off-1080-3-v4,v4,1920,1080,17,2026-09-07T22:17:34.571Z,10.760600,9.160600,5.821300,10.760600,4.993600,5.992600,1,0
hwrt-off-1080-3-v4,v4,1920,1080,18,2026-09-07T22:17:35.580Z,11.152500,9.218900,5.877600,11.152500,5.095800,5.925400,1,0
hwrt-off-1080-3-v4,v4,1920,1080,19,2026-09-07T22:17:36.579Z,10.577100,9.185100,5.813100,10.577100,4.936100,5.791000,1,0
hwrt-off-1080-3-v4,v4,1920,1080,20,2026-09-07T22:17:37.578Z,11.025700,9.202800,5.803200,11.025700,5.019400,5.962000,1,0
hwrt-off-1080-3-v4,v4,1920,1080,21,2026-09-07T22:17:38.576Z,10.640600,9.247700,5.442600,10.640600,4.983600,5.873800,1,0
hwrt-off-1080-3-v4,v4,1920,1080,22,2026-09-07T22:17:39.574Z,11.081500,9.203000,6.067400,11.081500,4.949800,5.862500,1,0
hwrt-off-1080-3-v4,v4,1920,1080,23,2026-09-07T22:17:40.570Z,11.055200,9.192900,5.859400,11.055200,5.415600,6.205600,1,0
hwrt-off-1080-3-v4,v4,1920,1080,24,2026-09-07T22:17:41.578Z,10.508200,9.191600,6.087700,10.508200,5.011000,5.728100,1,0
hwrt-off-1080-3-v4,v4,1920,1080,25,2026-09-07T22:17:42.577Z,10.934900,9.230400,5.640200,10.934900,5.003800,5.904800,1,0
hwrt-off-1080-3-v4,v4,1920,1080,26,2026-09-07T22:17:43.575Z,10.828900,9.168200,5.699300,10.828900,5.262700,6.107800,1,0
hwrt-off-1080-3-v4,v4,1920,1080,27,2026-09-07T22:17:44.572Z,11.624900,9.146700,5.894600,11.624900,5.007300,5.820300,1,0
hwrt-off-1080-3-v4,v4,1920,1080,28,2026-09-07T22:17:45.578Z,10.619100,9.158200,5.810500,10.619100,4.957200,5.827900,1,0
hwrt-off-1080-3-v4,v4,1920,1080,29,2026-09-07T22:17:46.574Z,10.527900,9.173900,5.934600,10.527900,5.018400,5.786100,1,0
hwrt-off-1080-3-v4,v4,1920,1080,30,2026-09-07T22:17:47.574Z,10.716300,9.229300,5.710500,10.716300,4.944100,5.917800,1,0
hwrt-off-1080-4-v3,v3,1920,1080,1,2026-09-07T22:21:01.574Z,12.656000,10.227600,5.856300,12.656000,6.343600,7.299000,1,0
hwrt-off-1080-4-v3,v3,1920,1080,2,2026-09-07T22:21:02.578Z,12.270600,10.244300,7.557400,12.270600,6.126100,7.053200,1,0
hwrt-off-1080-4-v3,v3,1920,1080,3,2026-09-07T22:21:03.581Z,12.962400,10.219500,5.858700,12.962400,6.105100,6.802600,1,0
hwrt-off-1080-4-v3,v3,1920,1080,4,2026-09-07T22:21:04.577Z,13.373300,10.308800,6.269800,13.373300,6.133300,7.084500,1,0
hwrt-off-1080-4-v3,v3,1920,1080,5,2026-09-07T22:21:05.573Z,12.555200,10.259800,6.015800,12.555200,6.385500,7.158600,1,0
hwrt-off-1080-4-v3,v3,1920,1080,6,2026-09-07T22:21:06.579Z,12.406700,10.240200,6.270800,12.406700,6.167300,7.142900,1,0
hwrt-off-1080-4-v3,v3,1920,1080,7,2026-09-07T22:21:07.574Z,12.016700,10.236100,5.653900,12.016700,6.362000,7.026000,1,0
hwrt-off-1080-4-v3,v3,1920,1080,8,2026-09-07T22:21:08.580Z,13.151200,10.223900,12.675400,13.151200,6.118200,6.936900,1,0
hwrt-off-1080-4-v3,v3,1920,1080,9,2026-09-07T22:21:09.575Z,12.292200,10.225900,5.817500,12.292200,6.298700,6.914500,1,0
hwrt-off-1080-4-v3,v3,1920,1080,10,2026-09-07T22:21:10.580Z,12.469200,10.263600,6.006100,12.469200,6.376900,8.818900,1,0
hwrt-off-1080-4-v3,v3,1920,1080,11,2026-09-07T22:21:11.577Z,12.761500,10.230100,8.199900,12.761500,6.168600,7.042700,1,0
hwrt-off-1080-4-v3,v3,1920,1080,12,2026-09-07T22:21:12.581Z,12.076000,10.243200,5.901700,12.076000,6.292400,6.872400,1,0
hwrt-off-1080-4-v3,v3,1920,1080,13,2026-09-07T22:21:13.575Z,12.591600,10.229600,6.424700,12.591600,6.144200,6.907100,1,0
hwrt-off-1080-4-v3,v3,1920,1080,14,2026-09-07T22:21:14.579Z,12.537600,10.230300,7.202200,12.537600,6.245100,7.440100,1,0
hwrt-off-1080-4-v3,v3,1920,1080,15,2026-09-07T22:21:15.572Z,12.925400,10.275500,7.220500,12.925400,6.521200,6.978000,1,0
hwrt-off-1080-4-v3,v3,1920,1080,16,2026-09-07T22:21:16.578Z,12.346200,10.264700,7.253400,12.346200,6.275900,7.135600,1,0
hwrt-off-1080-4-v3,v3,1920,1080,17,2026-09-07T22:21:17.573Z,11.967900,10.261400,6.007900,11.967900,6.297200,6.811100,1,0
hwrt-off-1080-4-v3,v3,1920,1080,18,2026-09-07T22:21:18.576Z,13.100000,10.244400,6.928700,13.100000,6.169700,6.972400,1,0
hwrt-off-1080-4-v3,v3,1920,1080,19,2026-09-07T22:21:19.580Z,12.220400,10.247900,6.300700,12.220400,6.180600,6.989100,1,0
hwrt-off-1080-4-v3,v3,1920,1080,20,2026-09-07T22:21:20.575Z,12.047700,10.224900,5.887000,12.047700,6.179200,8.193400,1,0
hwrt-off-1080-4-v3,v3,1920,1080,21,2026-09-07T22:21:21.579Z,12.620800,10.239200,6.662600,12.620800,6.250100,6.975600,1,0
hwrt-off-1080-4-v3,v3,1920,1080,22,2026-09-07T22:21:22.572Z,13.435100,10.293100,6.238100,13.435100,6.275700,6.868200,1,0
hwrt-off-1080-4-v3,v3,1920,1080,23,2026-09-07T22:21:23.580Z,12.077400,10.342900,6.958400,12.077400,6.433300,6.937900,1,0
hwrt-off-1080-4-v3,v3,1920,1080,24,2026-09-07T22:21:24.573Z,11.935300,10.215000,6.243100,11.935300,6.330800,6.994600,1,0
hwrt-off-1080-4-v3,v3,1920,1080,25,2026-09-07T22:21:25.578Z,12.776800,10.226000,6.500900,12.776800,6.104700,7.199900,1,0
hwrt-off-1080-4-v3,v3,1920,1080,26,2026-09-07T22:21:26.583Z,11.902500,10.236000,5.933200,11.902500,6.163300,7.050100,1,0
hwrt-off-1080-4-v3,v3,1920,1080,27,2026-09-07T22:21:27.576Z,12.293900,10.247400,5.906800,12.293900,6.176400,7.041100,1,0
hwrt-off-1080-4-v3,v3,1920,1080,28,2026-09-07T22:21:28.582Z,11.917400,10.307600,5.683200,11.917400,6.570500,6.821200,1,0
hwrt-off-1080-4-v3,v3,1920,1080,29,2026-09-07T22:21:29.578Z,12.075200,10.245600,6.704200,12.075200,6.027400,6.962200,1,0
hwrt-off-1080-4-v3,v3,1920,1080,30,2026-09-07T22:21:30.581Z,13.240900,10.232600,6.034900,13.240900,6.020100,7.610300,1,0
hwrt-off-1440-1-v3,v3,2560,1440,1,2026-09-07T22:24:24.591Z,19.215799,15.212100,7.589800,19.215799,10.874200,12.178900,1,0
hwrt-off-1440-1-v3,v3,2560,1440,2,2026-09-07T22:24:25.578Z,19.816500,15.208400,9.013600,19.816500,10.745300,12.172100,1,0
hwrt-off-1440-1-v3,v3,2560,1440,3,2026-09-07T22:24:26.579Z,18.889200,15.187000,8.860000,18.889200,10.603200,12.799600,1,0
hwrt-off-1440-1-v3,v3,2560,1440,4,2026-09-07T22:24:27.579Z,18.994499,15.187200,8.119900,18.994499,10.513000,12.085300,1,0
hwrt-off-1440-1-v3,v3,2560,1440,5,2026-09-07T22:24:28.581Z,18.915300,15.166600,7.930100,18.915300,10.521000,12.042900,1,0
hwrt-off-1440-1-v3,v3,2560,1440,6,2026-09-07T22:24:29.583Z,20.896799,15.196200,8.573800,20.896799,11.344600,13.113300,1,0
hwrt-off-1440-1-v3,v3,2560,1440,7,2026-09-07T22:24:30.587Z,18.287399,15.217900,8.794100,18.287399,11.047500,12.656600,1,0
hwrt-off-1440-1-v3,v3,2560,1440,8,2026-09-07T22:24:31.590Z,20.218201,15.196200,7.230400,20.218201,10.624200,12.060700,1,0
hwrt-off-1440-1-v3,v3,2560,1440,9,2026-09-07T22:24:32.593Z,21.264400,15.209500,12.840400,21.264400,10.876300,11.770400,1,0
hwrt-off-1440-1-v3,v3,2560,1440,10,2026-09-07T22:24:33.580Z,19.887501,15.182400,8.119800,19.887501,10.596000,12.109900,1,0
hwrt-off-1440-1-v3,v3,2560,1440,11,2026-09-07T22:24:34.584Z,17.117300,15.195700,7.143900,17.117300,10.501700,11.871000,1,0
hwrt-off-1440-1-v3,v3,2560,1440,12,2026-09-07T22:24:35.586Z,19.035101,15.173200,7.698300,19.035101,10.507500,11.927000,1,0
hwrt-off-1440-1-v3,v3,2560,1440,13,2026-09-07T22:24:36.587Z,19.654200,15.185000,7.982800,19.654200,11.164900,12.019600,1,0
hwrt-off-1440-1-v3,v3,2560,1440,14,2026-09-07T22:24:37.589Z,19.211100,15.219000,9.568000,19.211100,10.714300,12.034100,1,0
hwrt-off-1440-1-v3,v3,2560,1440,15,2026-09-07T22:24:38.591Z,18.261000,15.230300,8.668500,18.261000,10.373800,12.152300,1,0
hwrt-off-1440-1-v3,v3,2560,1440,16,2026-09-07T22:24:39.579Z,18.374701,15.220500,6.702800,18.374701,10.721200,12.138600,1,0
hwrt-off-1440-1-v3,v3,2560,1440,17,2026-09-07T22:24:40.584Z,18.162201,15.249200,7.296900,18.162201,10.442100,11.940500,1,0
hwrt-off-1440-1-v3,v3,2560,1440,18,2026-09-07T22:24:41.585Z,20.549801,15.185200,8.614600,20.549801,10.691900,12.200900,1,0
hwrt-off-1440-1-v3,v3,2560,1440,19,2026-09-07T22:24:42.587Z,20.483801,15.176500,9.931200,20.483801,10.883400,12.829400,1,0
hwrt-off-1440-1-v3,v3,2560,1440,20,2026-09-07T22:24:43.589Z,18.891701,15.172500,7.962000,18.891701,10.443600,12.136400,1,0
hwrt-off-1440-1-v3,v3,2560,1440,21,2026-09-07T22:24:44.589Z,20.156900,15.196500,7.809900,20.156900,10.823000,12.239400,1,0
hwrt-off-1440-1-v3,v3,2560,1440,22,2026-09-07T22:24:45.592Z,18.970600,15.235000,7.322200,18.970600,11.033700,12.125100,1,0
hwrt-off-1440-1-v3,v3,2560,1440,23,2026-09-07T22:24:46.579Z,18.819799,15.218100,13.966700,18.819799,10.617900,12.006700,1,0
hwrt-off-1440-1-v3,v3,2560,1440,24,2026-09-07T22:24:47.584Z,18.778601,15.221800,7.930000,18.778601,10.914200,11.961700,1,0
hwrt-off-1440-1-v3,v3,2560,1440,25,2026-09-07T22:24:48.586Z,20.132000,15.195200,7.682900,20.132000,10.921900,12.155100,1,0
hwrt-off-1440-1-v3,v3,2560,1440,26,2026-09-07T22:24:49.589Z,18.404400,15.190200,7.759100,18.404400,10.679600,11.859500,1,0
hwrt-off-1440-1-v3,v3,2560,1440,27,2026-09-07T22:24:50.592Z,18.914900,15.184100,7.435500,18.914900,11.044700,12.295200,1,0
hwrt-off-1440-1-v3,v3,2560,1440,28,2026-09-07T22:24:51.579Z,19.429100,15.229000,7.921800,19.429100,10.649600,11.982200,1,0
hwrt-off-1440-1-v3,v3,2560,1440,29,2026-09-07T22:24:52.581Z,19.094700,15.195500,8.214300,19.094700,10.787100,12.141800,1,0
hwrt-off-1440-1-v3,v3,2560,1440,30,2026-09-07T22:24:53.584Z,18.473000,15.176700,6.703500,18.473000,10.552600,11.811000,1,0
hwrt-off-1440-2-v4,v4,2560,1440,1,2026-09-07T22:27:45.587Z,15.131100,12.947500,7.164000,15.131100,8.649500,9.730900,1,0
hwrt-off-1440-2-v4,v4,2560,1440,2,2026-09-07T22:27:46.583Z,15.164800,13.147400,6.206900,15.164800,8.681200,9.880500,1,0
hwrt-off-1440-2-v4,v4,2560,1440,3,2026-09-07T22:27:47.580Z,16.165100,12.937000,7.101100,16.165100,8.664300,9.788300,1,0
hwrt-off-1440-2-v4,v4,2560,1440,4,2026-09-07T22:27:48.578Z,16.175501,12.985100,8.420500,16.175501,8.326500,9.942700,1,0
hwrt-off-1440-2-v4,v4,2560,1440,5,2026-09-07T22:27:49.578Z,15.703000,12.931400,7.846500,15.703000,8.533300,10.108000,1,0
hwrt-off-1440-2-v4,v4,2560,1440,6,2026-09-07T22:27:50.576Z,17.829901,12.944800,8.009400,17.829901,8.644500,9.661000,1,0
hwrt-off-1440-2-v4,v4,2560,1440,7,2026-09-07T22:27:51.586Z,17.954901,12.994300,13.174000,17.954901,8.439200,9.713300,1,0
hwrt-off-1440-2-v4,v4,2560,1440,8,2026-09-07T22:27:52.583Z,16.592699,12.941800,8.985400,16.592699,8.698400,9.757300,1,0
hwrt-off-1440-2-v4,v4,2560,1440,9,2026-09-07T22:27:53.581Z,15.209800,12.949500,7.207200,15.209800,8.868500,10.307600,1,0
hwrt-off-1440-2-v4,v4,2560,1440,10,2026-09-07T22:27:54.577Z,16.016399,12.962600,7.254500,16.016399,9.051200,9.933500,1,0
hwrt-off-1440-2-v4,v4,2560,1440,11,2026-09-07T22:27:55.588Z,15.757500,12.952800,7.935900,15.757500,8.665000,9.830800,1,0
hwrt-off-1440-2-v4,v4,2560,1440,12,2026-09-07T22:27:56.586Z,15.921000,12.975500,8.038200,15.921000,8.634500,10.234900,1,0
hwrt-off-1440-2-v4,v4,2560,1440,13,2026-09-07T22:27:57.585Z,16.749701,12.959700,6.579500,16.749701,8.473200,9.748200,1,0
hwrt-off-1440-2-v4,v4,2560,1440,14,2026-09-07T22:27:58.583Z,16.576300,12.968900,6.875300,16.576300,8.555600,9.933100,1,0
hwrt-off-1440-2-v4,v4,2560,1440,15,2026-09-07T22:27:59.580Z,15.583000,12.998600,7.422600,15.583000,8.471100,9.743000,1,0
hwrt-off-1440-2-v4,v4,2560,1440,16,2026-09-07T22:28:00.578Z,16.966101,12.960200,9.013300,16.966101,8.599700,9.840200,1,0
hwrt-off-1440-2-v4,v4,2560,1440,17,2026-09-07T22:28:01.589Z,15.159700,12.993900,7.567300,15.159700,8.534100,9.690900,1,0
hwrt-off-1440-2-v4,v4,2560,1440,18,2026-09-07T22:28:02.585Z,15.791200,12.932100,6.603600,15.791200,8.706500,9.541800,1,0
hwrt-off-1440-2-v4,v4,2560,1440,19,2026-09-07T22:28:03.582Z,15.670400,13.005800,10.052600,15.670400,8.465700,10.422800,1,0
hwrt-off-1440-2-v4,v4,2560,1440,20,2026-09-07T22:28:04.578Z,17.198999,12.949700,8.014400,17.198999,8.656900,9.634800,1,0
hwrt-off-1440-2-v4,v4,2560,1440,21,2026-09-07T22:28:05.577Z,16.550699,12.950400,7.434500,16.550699,8.583300,9.712000,1,0
hwrt-off-1440-2-v4,v4,2560,1440,22,2026-09-07T22:28:06.589Z,17.051001,12.962600,7.768100,17.051001,8.701600,10.019500,1,0
hwrt-off-1440-2-v4,v4,2560,1440,23,2026-09-07T22:28:07.586Z,16.421101,12.973600,8.344200,16.421101,8.704700,9.957500,1,0
hwrt-off-1440-2-v4,v4,2560,1440,24,2026-09-07T22:28:08.582Z,15.898100,12.933200,7.035900,15.898100,8.492100,9.522700,1,0
hwrt-off-1440-2-v4,v4,2560,1440,25,2026-09-07T22:28:09.578Z,16.031000,12.934200,6.558900,16.031000,8.763400,10.553600,1,0
hwrt-off-1440-2-v4,v4,2560,1440,26,2026-09-07T22:28:10.589Z,15.914700,12.958300,8.277300,15.914700,8.542900,9.993200,1,0
hwrt-off-1440-2-v4,v4,2560,1440,27,2026-09-07T22:28:11.585Z,17.055799,12.980300,7.469000,17.055799,8.483100,9.804700,1,0
hwrt-off-1440-2-v4,v4,2560,1440,28,2026-09-07T22:28:12.582Z,15.915200,12.938000,7.014600,15.915200,8.502100,10.206100,1,0
hwrt-off-1440-2-v4,v4,2560,1440,29,2026-09-07T22:28:13.580Z,16.099600,12.954100,7.115000,16.099600,8.476200,9.832300,1,0
hwrt-off-1440-2-v4,v4,2560,1440,30,2026-09-07T22:28:14.578Z,15.058900,12.967600,7.153500,15.058900,8.446000,9.791600,1,0
hwrt-off-1440-3-v4,v4,2560,1440,1,2026-09-07T22:31:20.586Z,15.881200,12.945300,7.430700,15.881200,8.238200,9.829400,1,0
hwrt-off-1440-3-v4,v4,2560,1440,2,2026-09-07T22:31:21.581Z,15.444200,12.962500,8.657800,15.444200,8.536300,9.789000,1,0
hwrt-off-1440-3-v4,v4,2560,1440,3,2026-09-07T22:31:22.589Z,15.716900,12.939100,7.458800,15.716900,8.706500,9.774200,1,0
hwrt-off-1440-3-v4,v4,2560,1440,4,2026-09-07T22:31:23.586Z,15.985100,12.996500,7.728800,15.985100,8.498800,9.680300,1,0
hwrt-off-1440-3-v4,v4,2560,1440,5,2026-09-07T22:31:24.583Z,15.531600,12.937100,6.924900,15.531600,8.346900,9.621700,1,0
hwrt-off-1440-3-v4,v4,2560,1440,6,2026-09-07T22:31:25.579Z,16.409901,12.967900,8.044200,16.409901,8.717100,10.515500,1,0
hwrt-off-1440-3-v4,v4,2560,1440,7,2026-09-07T22:31:26.590Z,15.229900,12.945300,6.700200,15.229900,8.643900,9.981700,1,0
hwrt-off-1440-3-v4,v4,2560,1440,8,2026-09-07T22:31:27.587Z,17.199100,13.011000,12.319300,17.199100,8.421100,9.796700,1,0
hwrt-off-1440-3-v4,v4,2560,1440,9,2026-09-07T22:31:28.582Z,17.847300,12.943900,7.182100,17.847300,8.440700,10.226100,1,0
hwrt-off-1440-3-v4,v4,2560,1440,10,2026-09-07T22:31:29.578Z,15.526100,12.947400,6.453500,15.526100,8.687100,9.786700,1,0
hwrt-off-1440-3-v4,v4,2560,1440,11,2026-09-07T22:31:30.587Z,15.346000,12.971000,6.881100,15.346000,8.658600,9.863200,1,0
hwrt-off-1440-3-v4,v4,2560,1440,12,2026-09-07T22:31:31.585Z,15.649100,12.995900,6.724100,15.649100,8.406200,10.325700,1,0
hwrt-off-1440-3-v4,v4,2560,1440,13,2026-09-07T22:31:32.583Z,17.226101,12.983400,7.413400,17.226101,8.665800,9.589300,1,0
hwrt-off-1440-3-v4,v4,2560,1440,14,2026-09-07T22:31:33.580Z,16.219801,12.977600,6.912400,16.219801,8.609900,10.151700,1,0
hwrt-off-1440-3-v4,v4,2560,1440,15,2026-09-07T22:31:34.589Z,15.747700,12.940300,7.559200,15.747700,8.542300,9.675300,1,0
hwrt-off-1440-3-v4,v4,2560,1440,16,2026-09-07T22:31:35.584Z,16.556801,12.991800,7.154000,16.556801,8.481300,9.762100,1,0
hwrt-off-1440-3-v4,v4,2560,1440,17,2026-09-07T22:31:36.579Z,16.608500,12.980900,7.706700,16.608500,8.504500,9.998400,1,0
hwrt-off-1440-3-v4,v4,2560,1440,18,2026-09-07T22:31:37.585Z,16.870800,12.934700,6.826800,16.870800,8.525900,10.111300,1,0
hwrt-off-1440-3-v4,v4,2560,1440,19,2026-09-07T22:31:38.581Z,15.746900,12.975300,7.119700,15.746900,8.559700,9.827600,1,0
hwrt-off-1440-3-v4,v4,2560,1440,20,2026-09-07T22:31:39.579Z,15.592800,13.020600,5.914500,15.592800,8.595700,9.782500,1,0
hwrt-off-1440-3-v4,v4,2560,1440,21,2026-09-07T22:31:40.588Z,15.585100,13.061400,6.628100,15.585100,8.521700,9.711200,1,0
hwrt-off-1440-3-v4,v4,2560,1440,22,2026-09-07T22:31:41.584Z,15.572700,12.979800,5.924300,15.572700,8.437600,9.759000,1,0
hwrt-off-1440-3-v4,v4,2560,1440,23,2026-09-07T22:31:42.580Z,15.812200,12.957600,7.838600,15.812200,8.726200,9.567900,1,0
hwrt-off-1440-3-v4,v4,2560,1440,24,2026-09-07T22:31:43.587Z,16.208200,12.950700,7.946600,16.208200,8.736800,9.628200,1,0
hwrt-off-1440-3-v4,v4,2560,1440,25,2026-09-07T22:31:44.587Z,15.026200,13.027700,5.822300,15.026200,8.555600,9.885300,1,0
hwrt-off-1440-3-v4,v4,2560,1440,26,2026-09-07T22:31:45.585Z,14.980400,12.979400,6.097800,14.980400,8.472800,9.529000,1,0
hwrt-off-1440-3-v4,v4,2560,1440,27,2026-09-07T22:31:46.581Z,16.608500,13.028200,7.743700,16.608500,8.526300,9.480800,1,0
hwrt-off-1440-3-v4,v4,2560,1440,28,2026-09-07T22:31:47.577Z,16.155001,12.959000,7.313200,16.155001,8.425400,9.893000,1,0
hwrt-off-1440-3-v4,v4,2560,1440,29,2026-09-07T22:31:48.587Z,16.133101,12.950900,7.253300,16.133101,8.655900,9.752500,1,0
hwrt-off-1440-3-v4,v4,2560,1440,30,2026-09-07T22:31:49.583Z,15.695800,12.945300,9.049700,15.695800,8.674200,9.818600,1,0
hwrt-off-1440-4-v3,v3,2560,1440,1,2026-09-07T22:34:45.583Z,18.120600,15.224000,7.869100,18.120600,10.612000,12.019100,1,0
hwrt-off-1440-4-v3,v3,2560,1440,2,2026-09-07T22:34:46.589Z,18.305599,15.234100,8.561200,18.305599,10.937200,12.104000,1,0
hwrt-off-1440-4-v3,v3,2560,1440,3,2026-09-07T22:34:47.592Z,19.241600,15.247200,8.468600,19.241600,10.476100,11.875000,1,0
hwrt-off-1440-4-v3,v3,2560,1440,4,2026-09-07T22:34:48.585Z,18.870399,15.670700,7.530000,18.870399,10.758900,12.068200,1,0
hwrt-off-1440-4-v3,v3,2560,1440,5,2026-09-07T22:34:49.592Z,18.964701,15.504300,8.716100,18.964701,10.928800,12.460800,1,0
hwrt-off-1440-4-v3,v3,2560,1440,6,2026-09-07T22:34:50.582Z,19.400000,15.252000,9.273600,19.400000,11.136200,12.060400,1,0
hwrt-off-1440-4-v3,v3,2560,1440,7,2026-09-07T22:34:51.587Z,19.116100,15.206000,9.005800,19.116100,10.660800,12.324600,1,0
hwrt-off-1440-4-v3,v3,2560,1440,8,2026-09-07T22:34:52.592Z,20.656799,15.272300,12.469200,20.656799,10.617800,12.206500,1,0
hwrt-off-1440-4-v3,v3,2560,1440,9,2026-09-07T22:34:53.585Z,19.959299,15.582400,8.247400,19.959299,10.854500,12.260800,1,0
hwrt-off-1440-4-v3,v3,2560,1440,10,2026-09-07T22:34:54.590Z,18.968700,15.558700,8.983500,18.968700,10.819400,12.011500,1,0
hwrt-off-1440-4-v3,v3,2560,1440,11,2026-09-07T22:34:55.593Z,19.112200,15.206500,8.225400,19.112200,10.864400,11.975500,1,0
hwrt-off-1440-4-v3,v3,2560,1440,12,2026-09-07T22:34:56.580Z,18.519300,15.226400,7.220700,18.519300,10.719900,11.775100,1,0
hwrt-off-1440-4-v3,v3,2560,1440,13,2026-09-07T22:34:57.584Z,19.645300,15.271900,8.838300,19.645300,11.061100,11.830200,1,0
hwrt-off-1440-4-v3,v3,2560,1440,14,2026-09-07T22:34:58.587Z,19.193800,15.199700,8.457500,19.193800,10.497300,11.989000,1,0
hwrt-off-1440-4-v3,v3,2560,1440,15,2026-09-07T22:34:59.591Z,19.263901,15.214100,8.148800,19.263901,10.204100,12.217400,1,0
hwrt-off-1440-4-v3,v3,2560,1440,16,2026-09-07T22:35:00.580Z,18.810900,15.226100,7.698200,18.810900,10.527800,12.118000,1,0
hwrt-off-1440-4-v3,v3,2560,1440,17,2026-09-07T22:35:01.584Z,18.653200,15.217300,9.011700,18.653200,10.531500,12.000300,1,0
hwrt-off-1440-4-v3,v3,2560,1440,18,2026-09-07T22:35:02.589Z,18.787001,15.226000,9.078900,18.787001,10.931200,12.246000,1,0
hwrt-off-1440-4-v3,v3,2560,1440,19,2026-09-07T22:35:03.594Z,19.171301,15.263500,8.606500,19.171301,10.911000,12.089100,1,0
hwrt-off-1440-4-v3,v3,2560,1440,20,2026-09-07T22:35:04.582Z,20.432100,15.214200,7.829200,20.432100,10.563900,12.634300,1,0
hwrt-off-1440-4-v3,v3,2560,1440,21,2026-09-07T22:35:05.586Z,18.043699,15.190100,8.658000,18.043699,10.676100,11.913400,1,0
hwrt-off-1440-4-v3,v3,2560,1440,22,2026-09-07T22:35:06.591Z,18.538700,15.221100,8.475600,18.538700,10.715900,12.109400,1,0
hwrt-off-1440-4-v3,v3,2560,1440,23,2026-09-07T22:35:07.580Z,18.401800,15.255700,6.356200,18.401800,10.544100,12.611600,1,0
hwrt-off-1440-4-v3,v3,2560,1440,24,2026-09-07T22:35:08.584Z,18.478001,15.206900,7.454500,18.478001,10.467700,11.978900,1,0
hwrt-off-1440-4-v3,v3,2560,1440,25,2026-09-07T22:35:09.591Z,19.088800,15.261900,6.891600,19.088800,10.661400,12.206800,1,0
hwrt-off-1440-4-v3,v3,2560,1440,26,2026-09-07T22:35:10.594Z,18.005301,15.216900,8.459900,18.005301,10.634600,11.975700,1,0
hwrt-off-1440-4-v3,v3,2560,1440,27,2026-09-07T22:35:11.582Z,19.195999,15.209500,8.840700,19.195999,10.572300,12.087200,1,0
hwrt-off-1440-4-v3,v3,2560,1440,28,2026-09-07T22:35:12.588Z,18.868500,15.238600,9.469800,18.868500,11.044000,12.244700,1,0
hwrt-off-1440-4-v3,v3,2560,1440,29,2026-09-07T22:35:13.592Z,19.328899,15.226800,7.665600,19.328899,10.528100,12.081300,1,0
hwrt-off-1440-4-v3,v3,2560,1440,30,2026-09-07T22:35:14.580Z,19.569099,15.213100,7.738300,19.569099,10.622500,12.216000,1,0
hwrt-off-4k-1-v3,v3,3840,2160,1,2026-09-07T22:38:09.627Z,33.666302,30.245399,9.941800,33.666302,24.214001,26.034800,1,0
hwrt-off-4k-1-v3,v3,3840,2160,2,2026-09-07T22:38:10.596Z,33.905399,30.279699,11.672200,33.905399,24.620501,26.538799,1,0
hwrt-off-4k-1-v3,v3,3840,2160,3,2026-09-07T22:38:11.598Z,34.793701,30.264400,9.571900,34.793701,23.924000,26.747400,1,0
hwrt-off-4k-1-v3,v3,3840,2160,4,2026-09-07T22:38:12.598Z,35.116501,30.286800,9.580500,35.116501,25.017700,26.564400,1,0
hwrt-off-4k-1-v3,v3,3840,2160,5,2026-09-07T22:38:13.600Z,34.506802,30.257000,9.880200,34.506802,24.624201,26.925301,1,0
hwrt-off-4k-1-v3,v3,3840,2160,6,2026-09-07T22:38:14.599Z,35.240898,30.309099,11.476500,35.240898,24.128201,26.734301,1,0
hwrt-off-4k-1-v3,v3,3840,2160,7,2026-09-07T22:38:15.600Z,35.244301,30.309900,9.436800,35.244301,25.098801,26.059700,1,0
hwrt-off-4k-1-v3,v3,3840,2160,8,2026-09-07T22:38:16.602Z,35.074001,30.275499,9.936400,35.074001,24.742300,26.372499,1,0
hwrt-off-4k-1-v3,v3,3840,2160,9,2026-09-07T22:38:17.603Z,36.829102,30.333700,18.681801,36.829102,24.544901,26.696899,1,0
hwrt-off-4k-1-v3,v3,3840,2160,10,2026-09-07T22:38:18.605Z,34.805901,30.264000,9.778600,34.805901,24.628799,27.153400,1,0
hwrt-off-4k-1-v3,v3,3840,2160,11,2026-09-07T22:38:19.606Z,35.359798,30.341900,9.539500,35.359798,24.774700,27.639400,1,0
hwrt-off-4k-1-v3,v3,3840,2160,12,2026-09-07T22:38:20.607Z,35.471901,30.276600,10.440000,35.471901,24.555401,26.724199,1,0
hwrt-off-4k-1-v3,v3,3840,2160,13,2026-09-07T22:38:21.608Z,34.799000,30.282000,10.192400,34.799000,23.469500,27.290400,1,0
hwrt-off-4k-1-v3,v3,3840,2160,14,2026-09-07T22:38:22.609Z,35.079399,30.257900,10.202400,35.079399,24.866301,26.379700,1,0
hwrt-off-4k-1-v3,v3,3840,2160,15,2026-09-07T22:38:23.608Z,36.243698,30.288401,10.017000,36.243698,24.943300,26.782301,1,0
hwrt-off-4k-1-v3,v3,3840,2160,16,2026-09-07T22:38:24.609Z,34.819901,30.264900,9.974300,34.819901,24.603001,27.512600,1,0
hwrt-off-4k-1-v3,v3,3840,2160,17,2026-09-07T22:38:25.610Z,34.729801,30.251400,10.249900,34.729801,24.299400,27.174999,1,0
hwrt-off-4k-1-v3,v3,3840,2160,18,2026-09-07T22:38:26.610Z,34.828400,30.267300,9.304400,34.828400,24.427799,26.581100,1,0
hwrt-off-4k-1-v3,v3,3840,2160,19,2026-09-07T22:38:27.611Z,34.400600,30.313000,10.578700,34.400600,24.263500,26.865999,1,0
hwrt-off-4k-1-v3,v3,3840,2160,20,2026-09-07T22:38:28.612Z,34.997799,30.249800,9.707200,34.997799,23.945101,26.226801,1,0
hwrt-off-4k-1-v3,v3,3840,2160,21,2026-09-07T22:38:29.613Z,35.914101,30.305599,9.777300,35.914101,23.856400,27.035500,1,0
hwrt-off-4k-1-v3,v3,3840,2160,22,2026-09-07T22:38:30.614Z,34.550098,30.302099,9.803800,34.550098,25.469299,26.423300,1,0
hwrt-off-4k-1-v3,v3,3840,2160,23,2026-09-07T22:38:31.615Z,33.760899,30.260599,10.045100,33.760899,24.433001,27.351200,1,0
hwrt-off-4k-1-v3,v3,3840,2160,24,2026-09-07T22:38:32.613Z,34.725300,30.238100,9.411400,34.725300,24.577400,26.824499,1,0
hwrt-off-4k-1-v3,v3,3840,2160,25,2026-09-07T22:38:33.613Z,35.133400,30.239799,9.890700,35.133400,24.591700,27.004700,1,0
hwrt-off-4k-1-v3,v3,3840,2160,26,2026-09-07T22:38:34.612Z,34.389900,30.261801,10.110900,34.389900,23.409599,27.535700,1,0
hwrt-off-4k-1-v3,v3,3840,2160,27,2026-09-07T22:38:35.612Z,34.557098,30.254601,10.304700,34.557098,23.992399,26.904499,1,0
hwrt-off-4k-1-v3,v3,3840,2160,28,2026-09-07T22:38:36.612Z,35.250599,30.294500,10.407100,35.250599,24.526400,26.780500,1,0
hwrt-off-4k-1-v3,v3,3840,2160,29,2026-09-07T22:38:37.613Z,34.670399,30.259501,9.440700,34.670399,24.059601,27.401600,1,0
hwrt-off-4k-1-v3,v3,3840,2160,30,2026-09-07T22:38:38.612Z,35.089802,30.271999,10.051600,35.089802,24.465401,26.936899,1,0
hwrt-off-4k-2-v4,v4,3840,2160,1,2026-09-07T22:41:35.598Z,30.202600,25.183800,9.704900,30.202600,19.445400,22.117100,1,0
hwrt-off-4k-2-v4,v4,3840,2160,2,2026-09-07T22:41:36.616Z,29.166100,25.163300,9.392300,29.166100,19.548100,21.860001,1,0
hwrt-off-4k-2-v4,v4,3840,2160,3,2026-09-07T22:41:37.607Z,29.128500,25.147699,9.703500,29.128500,19.617599,21.655500,1,0
hwrt-off-4k-2-v4,v4,3840,2160,4,2026-09-07T22:41:38.600Z,29.049801,25.156900,10.027100,29.049801,19.784700,21.997601,1,0
hwrt-off-4k-2-v4,v4,3840,2160,5,2026-09-07T22:41:39.592Z,30.269600,25.188801,9.398600,30.269600,19.613701,22.084200,1,0
hwrt-off-4k-2-v4,v4,3840,2160,6,2026-09-07T22:41:40.610Z,30.150900,25.187901,9.696700,30.150900,19.722601,21.981800,1,0
hwrt-off-4k-2-v4,v4,3840,2160,7,2026-09-07T22:41:41.600Z,30.180000,25.112900,8.304300,30.180000,20.190201,22.317499,1,0
hwrt-off-4k-2-v4,v4,3840,2160,8,2026-09-07T22:41:42.593Z,29.938900,25.159201,9.834100,29.938900,20.172300,21.929399,1,0
hwrt-off-4k-2-v4,v4,3840,2160,9,2026-09-07T22:41:43.612Z,31.423401,25.299101,17.440599,31.423401,19.643499,21.714701,1,0
hwrt-off-4k-2-v4,v4,3840,2160,10,2026-09-07T22:41:44.603Z,30.802000,25.164700,8.588200,30.802000,19.470699,21.596600,1,0
hwrt-off-4k-2-v4,v4,3840,2160,11,2026-09-07T22:41:45.594Z,29.234600,25.207701,9.824400,29.234600,19.879999,21.448799,1,0
hwrt-off-4k-2-v4,v4,3840,2160,12,2026-09-07T22:41:46.609Z,30.067499,25.116199,10.109500,30.067499,20.216900,22.113001,1,0
hwrt-off-4k-2-v4,v4,3840,2160,13,2026-09-07T22:41:47.601Z,29.285101,25.167101,10.246500,29.285101,19.680901,21.588100,1,0
hwrt-off-4k-2-v4,v4,3840,2160,14,2026-09-07T22:41:48.592Z,29.737600,25.115700,9.824000,29.737600,19.969299,21.993601,1,0
hwrt-off-4k-2-v4,v4,3840,2160,15,2026-09-07T22:41:49.608Z,30.190001,25.151199,9.744600,30.190001,19.648701,22.364100,1,0
hwrt-off-4k-2-v4,v4,3840,2160,16,2026-09-07T22:41:50.599Z,28.888599,25.162001,9.367400,28.888599,20.213900,21.976700,1,0
hwrt-off-4k-2-v4,v4,3840,2160,17,2026-09-07T22:41:51.592Z,29.644400,25.142401,9.253100,29.644400,19.822001,21.796000,1,0
hwrt-off-4k-2-v4,v4,3840,2160,18,2026-09-07T22:41:52.612Z,30.217300,25.125601,8.971900,30.217300,19.640499,22.193199,1,0
hwrt-off-4k-2-v4,v4,3840,2160,19,2026-09-07T22:41:53.604Z,28.942600,25.148199,9.866300,28.942600,19.408600,22.049601,1,0
hwrt-off-4k-2-v4,v4,3840,2160,20,2026-09-07T22:41:54.595Z,29.312401,25.178101,9.626600,29.312401,19.957701,21.965200,1,0
hwrt-off-4k-2-v4,v4,3840,2160,21,2026-09-07T22:41:55.612Z,29.217800,25.168600,9.647800,29.217800,20.459200,21.382999,1,0
hwrt-off-4k-2-v4,v4,3840,2160,22,2026-09-07T22:41:56.602Z,29.893600,25.165800,9.594300,29.893600,19.397800,21.828400,1,0
hwrt-off-4k-2-v4,v4,3840,2160,23,2026-09-07T22:41:57.596Z,29.189800,25.165199,10.280200,29.189800,19.661200,21.885799,1,0
hwrt-off-4k-2-v4,v4,3840,2160,24,2026-09-07T22:41:58.613Z,30.198700,25.221600,9.646900,30.198700,20.734400,21.897499,1,0
hwrt-off-4k-2-v4,v4,3840,2160,25,2026-09-07T22:41:59.603Z,30.633699,25.130400,9.708100,30.633699,19.863701,21.736900,1,0
hwrt-off-4k-2-v4,v4,3840,2160,26,2026-09-07T22:42:00.594Z,29.216000,25.191999,10.278100,29.216000,19.657101,22.123301,1,0
hwrt-off-4k-2-v4,v4,3840,2160,27,2026-09-07T22:42:01.613Z,30.464001,25.198900,9.747300,30.464001,19.542400,21.440300,1,0
hwrt-off-4k-2-v4,v4,3840,2160,28,2026-09-07T22:42:02.605Z,31.227699,25.259501,9.487600,31.227699,20.765200,21.232800,1,0
hwrt-off-4k-2-v4,v4,3840,2160,29,2026-09-07T22:42:03.596Z,29.562401,25.136801,9.979500,29.562401,19.908199,21.842199,1,0
hwrt-off-4k-2-v4,v4,3840,2160,30,2026-09-07T22:42:04.614Z,30.570101,25.129700,9.681100,30.570101,19.715401,22.139299,1,0
hwrt-off-4k-3-v4,v4,3840,2160,1,2026-09-07T22:45:10.594Z,30.286699,25.107700,9.285500,30.286699,19.374901,22.325500,1,0
hwrt-off-4k-3-v4,v4,3840,2160,2,2026-09-07T22:45:11.611Z,29.758600,25.187599,9.622700,29.758600,19.590900,22.277000,1,0
hwrt-off-4k-3-v4,v4,3840,2160,3,2026-09-07T22:45:12.602Z,30.912800,25.138000,9.456800,30.912800,19.909300,21.728500,1,0
hwrt-off-4k-3-v4,v4,3840,2160,4,2026-09-07T22:45:13.592Z,29.650801,25.144300,9.545500,29.650801,19.676001,22.224400,1,0
hwrt-off-4k-3-v4,v4,3840,2160,5,2026-09-07T22:45:14.608Z,29.542700,25.123301,10.146700,29.542700,19.564600,21.513901,1,0
hwrt-off-4k-3-v4,v4,3840,2160,6,2026-09-07T22:45:15.599Z,30.802401,25.131300,9.535700,30.802401,20.274401,21.725401,1,0
hwrt-off-4k-3-v4,v4,3840,2160,7,2026-09-07T22:45:16.615Z,30.156300,25.131800,10.873100,30.156300,19.646000,22.569201,1,0
hwrt-off-4k-3-v4,v4,3840,2160,8,2026-09-07T22:45:17.606Z,29.695299,25.222799,19.601299,29.695299,20.410601,21.708799,1,0
hwrt-off-4k-3-v4,v4,3840,2160,9,2026-09-07T22:45:18.598Z,30.524700,25.121799,9.715400,30.524700,20.311600,22.104401,1,0
hwrt-off-4k-3-v4,v4,3840,2160,10,2026-09-07T22:45:19.616Z,31.020399,25.110600,9.397800,31.020399,19.955700,22.223600,1,0
hwrt-off-4k-3-v4,v4,3840,2160,11,2026-09-07T22:45:20.606Z,29.759001,25.096100,10.229300,29.759001,19.764900,21.965200,1,0
hwrt-off-4k-3-v4,v4,3840,2160,12,2026-09-07T22:45:21.596Z,30.770500,25.113800,9.202600,30.770500,19.752300,21.521500,1,0
hwrt-off-4k-3-v4,v4,3840,2160,13,2026-09-07T22:45:22.612Z,29.506800,25.116600,9.833800,29.506800,19.411100,21.730000,1,0
hwrt-off-4k-3-v4,v4,3840,2160,14,2026-09-07T22:45:23.602Z,29.157700,25.188900,9.220900,29.157700,19.987801,22.161501,1,0
hwrt-off-4k-3-v4,v4,3840,2160,15,2026-09-07T22:45:24.592Z,29.996599,25.107500,10.993800,29.996599,20.084101,22.129499,1,0
hwrt-off-4k-3-v4,v4,3840,2160,16,2026-09-07T22:45:25.610Z,28.958500,25.116100,9.330700,28.958500,19.347099,22.158001,1,0
hwrt-off-4k-3-v4,v4,3840,2160,17,2026-09-07T22:45:26.601Z,30.984100,25.128500,10.281300,30.984100,19.257099,22.135099,1,0
hwrt-off-4k-3-v4,v4,3840,2160,18,2026-09-07T22:45:27.593Z,29.574400,25.146999,10.246800,29.574400,19.335199,21.853600,1,0
hwrt-off-4k-3-v4,v4,3840,2160,19,2026-09-07T22:45:28.611Z,30.156099,25.115801,8.980600,30.156099,20.161301,22.170200,1,0
hwrt-off-4k-3-v4,v4,3840,2160,20,2026-09-07T22:45:29.601Z,29.667200,25.127899,10.876700,29.667200,20.665400,21.785700,1,0
hwrt-off-4k-3-v4,v4,3840,2160,21,2026-09-07T22:45:30.592Z,28.878799,25.115801,9.125800,28.878799,19.961599,22.138300,1,0
hwrt-off-4k-3-v4,v4,3840,2160,22,2026-09-07T22:45:31.609Z,28.645100,25.117701,9.814700,28.645100,20.422300,22.122400,1,0
hwrt-off-4k-3-v4,v4,3840,2160,23,2026-09-07T22:45:32.599Z,29.630301,25.142799,9.542400,29.630301,20.028000,21.918800,1,0
hwrt-off-4k-3-v4,v4,3840,2160,24,2026-09-07T22:45:33.615Z,30.622499,25.111601,9.537000,30.622499,20.174801,22.059401,1,0
hwrt-off-4k-3-v4,v4,3840,2160,25,2026-09-07T22:45:34.605Z,30.254700,25.128099,9.543100,30.254700,20.025900,22.579599,1,0
hwrt-off-4k-3-v4,v4,3840,2160,26,2026-09-07T22:45:35.596Z,29.286699,25.100201,9.876400,29.286699,19.244699,21.690300,1,0
hwrt-off-4k-3-v4,v4,3840,2160,27,2026-09-07T22:45:36.612Z,30.225100,25.071800,9.081100,30.225100,19.770700,21.774799,1,0
hwrt-off-4k-3-v4,v4,3840,2160,28,2026-09-07T22:45:37.603Z,30.169001,25.134501,9.208700,30.169001,19.339300,22.013000,1,0
hwrt-off-4k-3-v4,v4,3840,2160,29,2026-09-07T22:45:38.595Z,30.018400,25.155500,9.908800,30.018400,19.503300,22.292500,1,0
hwrt-off-4k-3-v4,v4,3840,2160,30,2026-09-07T22:45:39.612Z,30.101299,25.133801,8.777400,30.101299,19.818800,22.067900,1,0
hwrt-off-4k-4-v3,v3,3840,2160,1,2026-09-07T22:48:54.625Z,36.006802,30.313900,10.023800,36.006802,24.203199,27.564800,1,0
hwrt-off-4k-4-v3,v3,3840,2160,2,2026-09-07T22:48:55.625Z,33.440701,30.279400,10.502400,33.440701,24.677601,26.974800,1,0
hwrt-off-4k-4-v3,v3,3840,2160,3,2026-09-07T22:48:56.627Z,35.028599,30.311501,10.213400,35.028599,24.636499,27.409201,1,0
hwrt-off-4k-4-v3,v3,3840,2160,4,2026-09-07T22:48:57.599Z,35.227901,30.301201,10.069900,35.227901,24.113800,27.337500,1,0
hwrt-off-4k-4-v3,v3,3840,2160,5,2026-09-07T22:48:58.603Z,34.061600,30.302601,10.066800,34.061600,26.142900,27.514799,1,0
hwrt-off-4k-4-v3,v3,3840,2160,6,2026-09-07T22:48:59.604Z,34.645199,30.287901,10.073700,34.645199,25.138901,26.780800,1,0
hwrt-off-4k-4-v3,v3,3840,2160,7,2026-09-07T22:49:00.606Z,34.474400,30.328400,9.792800,34.474400,25.112101,27.325600,1,0
hwrt-off-4k-4-v3,v3,3840,2160,8,2026-09-07T22:49:01.607Z,38.553101,30.390699,19.437300,38.553101,25.504101,26.554501,1,0
hwrt-off-4k-4-v3,v3,3840,2160,9,2026-09-07T22:49:02.607Z,33.805599,30.282900,10.590400,33.805599,25.124599,26.635099,1,0
hwrt-off-4k-4-v3,v3,3840,2160,10,2026-09-07T22:49:03.608Z,34.431900,30.343500,9.707400,34.431900,25.210400,26.180599,1,0
hwrt-off-4k-4-v3,v3,3840,2160,11,2026-09-07T22:49:04.609Z,34.913101,30.267000,9.561000,34.913101,25.234501,26.743700,1,0
hwrt-off-4k-4-v3,v3,3840,2160,12,2026-09-07T22:49:05.612Z,36.030899,30.307301,9.292900,36.030899,24.944799,26.896601,1,0
hwrt-off-4k-4-v3,v3,3840,2160,13,2026-09-07T22:49:06.615Z,35.437698,30.325800,9.896300,35.437698,24.661800,26.538300,1,0
hwrt-off-4k-4-v3,v3,3840,2160,14,2026-09-07T22:49:07.617Z,35.600399,30.305901,9.624800,35.600399,24.835400,27.049000,1,0
hwrt-off-4k-4-v3,v3,3840,2160,15,2026-09-07T22:49:08.618Z,36.120098,30.313400,9.947600,36.120098,24.214500,26.758801,1,0
hwrt-off-4k-4-v3,v3,3840,2160,16,2026-09-07T22:49:09.618Z,35.537300,30.299200,10.588800,35.537300,24.588301,26.218399,1,0
hwrt-off-4k-4-v3,v3,3840,2160,17,2026-09-07T22:49:10.620Z,34.315601,30.286699,9.952100,34.315601,24.652500,27.007000,1,0
hwrt-off-4k-4-v3,v3,3840,2160,18,2026-09-07T22:49:11.624Z,34.732601,30.294100,10.415400,34.732601,23.912500,26.758699,1,0
hwrt-off-4k-4-v3,v3,3840,2160,19,2026-09-07T22:49:12.625Z,34.201500,30.313700,9.732500,34.201500,25.293501,27.188999,1,0
hwrt-off-4k-4-v3,v3,3840,2160,20,2026-09-07T22:49:13.628Z,35.567501,30.279100,10.702700,35.567501,24.806700,26.582399,1,0
hwrt-off-4k-4-v3,v3,3840,2160,21,2026-09-07T22:49:14.600Z,34.457901,30.296101,10.332600,34.457901,24.714500,26.870701,1,0
hwrt-off-4k-4-v3,v3,3840,2160,22,2026-09-07T22:49:15.601Z,34.171600,30.318600,9.945700,34.171600,24.028099,27.181000,1,0
hwrt-off-4k-4-v3,v3,3840,2160,23,2026-09-07T22:49:16.603Z,34.722198,30.282801,9.604900,34.722198,25.048401,26.969900,1,0
hwrt-off-4k-4-v3,v3,3840,2160,24,2026-09-07T22:49:17.605Z,35.532101,30.261400,9.699500,35.532101,24.658501,26.892700,1,0
hwrt-off-4k-4-v3,v3,3840,2160,25,2026-09-07T22:49:18.605Z,35.548599,30.260500,10.207800,35.548599,24.999300,26.693701,1,0
hwrt-off-4k-4-v3,v3,3840,2160,26,2026-09-07T22:49:19.608Z,35.423801,30.301201,10.068800,35.423801,24.423901,26.440500,1,0
hwrt-off-4k-4-v3,v3,3840,2160,27,2026-09-07T22:49:20.609Z,36.969299,30.271999,10.588900,36.969299,25.193600,26.736601,1,0
hwrt-off-4k-4-v3,v3,3840,2160,28,2026-09-07T22:49:21.610Z,36.359001,30.346800,10.327000,36.359001,24.989799,27.123400,1,0
hwrt-off-4k-4-v3,v3,3840,2160,29,2026-09-07T22:49:22.613Z,35.345501,30.374001,10.492000,35.345501,24.295700,26.957701,1,0
hwrt-off-4k-4-v3,v3,3840,2160,30,2026-09-07T22:49:23.616Z,35.165298,30.355301,9.539500,35.165298,24.893400,27.318100,1,0
